date,average_days_to_cover
2012-11-07,1.692959319375966
2012-11-08,1.9696972945796374
2012-11-09,1.6969148245669987
2012-11-12,1.8097867883090044
2012-11-13,0.864902733095631
2012-11-14,0.9028025628897933
2012-11-16,0.9629875747148592
2012-11-19,0.9658497048666872
2012-11-21,0.8583720865436434
2012-11-22,0.9755214178323002
2012-11-23,0.9005207984081413
2012-11-26,0.94716517390516
2012-11-27,0.9309566685590984
2012-11-28,0.9110153627462715
2012-11-29,0.919707634947642
2012-11-30,0.9411413145333014
2012-12-03,0.9686523318047435
2012-12-04,0.9183422910634736
2012-12-05,0.9623053029329679
2012-12-06,1.137689152685636
2012-12-07,0.6670845139616834
2012-12-10,0.8539527733102438
2012-12-11,0.6442940619870658
2012-12-12,0.615797508212934
2012-12-13,0.5855383798752902
2012-12-14,0.5882259974407643
2012-12-17,0.5932092300056799
2012-12-18,0.5918796477300514
2012-12-19,0.5727215900883939
2012-12-20,0.6102726546161444
2012-12-21,0.6493960709641353
2012-12-26,0.650241203551894
2012-12-27,0.6690761977448265
2012-12-28,0.7033334284068665
2013-01-02,0.6447476156608776
2013-01-03,0.6038855316715857
2013-01-04,0.5896743954751588
2013-01-07,0.5899185925711445
2013-01-08,0.5976052791367515
2013-01-09,0.6792665951714668
2013-01-10,0.5609330855394136
2013-01-11,0.5668549985760167
2013-01-14,0.5608307293887793
2013-01-15,0.5696340143832962
2013-01-16,0.5710487503719772
2013-01-17,0.5843307632131826
2013-01-18,0.5897076150977462
2013-01-21,0.5988675219816706
2013-01-22,0.5825279797487403
2013-01-23,0.5894476948940391
2013-01-24,0.5816441442294586
2013-01-28,0.5812304324210658
2013-01-29,0.5810766265136724
2013-01-30,0.574210766340541
2013-01-31,0.5463629562265048
2013-02-01,0.566553573484816
2013-02-04,0.5600742676882665
2013-02-05,0.5636761157070884
2013-02-06,0.5746820943938141
2013-02-07,0.5526172413396148
2013-02-08,0.5365775149024985
2013-02-15,0.5315145506585501
2013-02-19,0.5454859180322844
2013-02-20,0.5459382634869491
2013-02-21,0.5470409420172956
2013-02-22,0.563459613694659
2013-02-25,0.5542017772777639
2013-02-26,0.5925471607377591
2013-02-27,0.6075803509504759
2013-02-28,0.6180859805480822
2013-03-01,0.6017414519156689
2013-03-04,0.5966139657727655
2013-03-05,0.6055316376006222
2013-03-06,0.6261821251068288
2013-03-07,0.6373607383877168
2013-03-08,0.6688585934294501
2013-03-11,0.6078500337700894
2013-03-12,0.5788722238434171
2013-03-13,0.6223548721912627
2013-03-14,0.6812537441035255
2013-03-15,0.670582293159545
2013-03-18,0.7248661610541125
2013-03-19,0.7055918810186717
2013-03-20,0.6914385281673617
2013-03-21,0.7098639033044112
2013-03-22,0.6934244415028749
2013-03-25,0.7248338548964317
2013-03-26,0.6966278169170204
2013-03-27,0.6853594338033738
2013-03-28,0.6862235114774441
2013-04-01,0.6922302012826053
2013-04-02,0.7139224193676562
2013-04-03,0.7104189334167533
2013-04-04,0.7100289115025731
2013-04-05,0.7167356845739754
2013-04-08,0.7141525510234992
2013-04-09,0.7333410155527307
2013-04-10,0.7199740564949512
2013-04-11,0.7314160935031468
2013-04-12,0.7249849296359762
2013-04-15,0.7148981816038529
2013-04-16,0.6780139812553274
2013-04-17,0.6783525510148111
2013-04-18,0.7009011607352077
2013-04-19,0.7074653092938697
2013-04-22,0.7483767354126207
2013-04-23,0.780412620393844
2013-04-24,0.7121442392753762
2013-04-25,0.7318039846492568
2013-04-26,0.7156148116338128
2013-04-29,0.7648575547342555
2013-04-30,0.7502923068165734
2013-05-02,0.7965789261949644
2013-05-03,0.7958325187415095
2013-05-06,0.755961935813852
2013-05-07,0.7598611603559702
2013-05-08,0.7614543186126217
2013-05-09,0.7956566083131401
2013-05-10,0.7615938140258933
2013-05-13,0.7566068282348811
2013-05-14,0.7456110081789927
2013-05-15,0.7488053845507566
2013-05-16,0.6918200083090174
2013-05-17,0.7144410801237695
2013-05-20,0.7223677850926423
2013-05-21,0.7263356427079304
2013-05-22,0.7092750427944559
2013-05-23,0.7327444947259188
2013-05-24,0.7143081927330799
2013-05-27,0.6956577940694103
2013-05-28,0.7080721718695251
2013-05-29,0.7247100647114841
2013-05-31,0.7102160784646662
2013-06-03,0.7080737605216975
2013-06-04,0.7110551624428225
2013-06-05,0.7022692315561484
2013-06-06,0.6983662104069495
2013-06-07,0.7430063557832258
2013-06-10,0.7424680739016928
2013-06-11,0.7356208253979072
2013-06-12,0.7162339749368755
2013-06-13,0.7358429558604578
2013-06-14,0.7928066805008966
2013-06-17,0.8039962782366886
2013-06-18,0.8041552180178362
2013-06-19,0.758557344961151
2013-06-20,0.7538795550319034
2013-06-21,0.7570762866538476
2013-06-24,0.7066770145780646
2013-06-25,0.6950570174979019
2013-06-26,0.7111852182820668
2013-06-27,0.720899424576981
2013-06-28,0.6764243862952101
2013-07-01,0.6642842934145619
2013-07-02,0.6942254804665269
2013-07-03,0.6135595743559256
2013-07-04,0.6270825716012394
2013-07-05,0.6224314592513078
2013-07-08,0.6317210437820524
2013-07-10,0.6423216813599415
2013-07-11,0.6332180575020787
2013-07-12,0.6259836289413003
2013-07-15,0.6509029875591686
2013-07-16,0.6491296804138356
2013-07-17,0.6425633727869684
2013-07-18,0.6469580311387909
2013-07-19,0.6567131509613732
2013-07-22,0.6630163620001116
2013-07-23,0.6447807743152265
2013-07-24,0.6429315797980297
2013-07-25,0.6548047397927561
2013-07-26,0.6579590802682062
2013-07-29,0.6701287103190935
2013-07-30,0.6682097646674966
2013-07-31,0.6649822440775468
2013-08-01,0.668087993214283
2013-08-02,0.6784641023397964
2013-08-05,0.6985840450858541
2013-08-06,0.7440749733367218
2013-08-07,0.7899403389558944
2013-08-08,0.7933969136898976
2013-08-09,0.7999889338643439
2013-08-12,0.7897939262332971
2013-08-13,0.7963502208764535
2013-08-14,0.7800217302770941
2013-08-15,0.8215088796354197
2013-08-16,0.7800411222359113
2013-08-19,0.7479877191693698
2013-08-20,0.7287421952578588
2013-08-21,0.7166450412045868
2013-08-22,0.7976389028696813
2013-08-23,0.7049769621935521
2013-08-26,0.7078606203367844
2013-08-27,0.6978200965836171
2013-08-28,0.6997108282326158
2013-08-29,0.7012876479703314
2013-08-30,0.6757143376822538
2013-09-02,0.6838473501845451
2013-09-03,0.7344875437420898
2013-09-04,0.7973677437483814
2013-09-05,0.7417707357718096
2013-09-06,0.7543525139298654
2013-09-09,0.7098383604202603
2013-09-10,0.7148361809489369
2013-09-11,0.7019997780719913
2013-09-12,0.6731311262451973
2013-09-13,0.6658095064681838
2013-09-16,0.6759080781865784
2013-09-17,0.6666140613588378
2013-09-18,0.6519916318151007
2013-09-19,0.6644436984331593
2013-09-20,0.6685883515850064
2013-09-23,0.7210372742930159
2013-09-24,0.7306517160767779
2013-09-25,0.7489647065142223
2013-09-26,0.8353911471944668
2013-09-27,0.6774619848842692
2013-09-30,0.6773225182318845
2013-10-01,0.7006315986316808
2013-10-02,0.6971254512158865
2013-10-03,0.6863567066643143
2013-10-04,0.7009231237860505
2013-10-07,0.7014134552470941
2013-10-08,0.6912511828992325
2013-10-09,0.6911197649682583
2013-10-10,0.6721729924608394
2013-10-11,0.6802199611203928
2013-10-14,0.6839047576990828
2013-10-15,0.6820411190800205
2013-10-16,0.7030314580460078
2013-10-17,0.7320297694967477
2013-10-18,0.7202969022619595
2013-10-21,0.7421748247921948
2013-10-22,0.7527659131014705
2013-10-23,0.7732240100618568
2013-10-24,0.7739360850748068
2013-10-25,0.813898037303731
2013-10-28,0.817662845864419
2013-10-29,0.8074905680312995
2013-10-30,0.7818542203476277
2013-10-31,0.7780890016020032
2013-11-01,0.7560644622016717
2013-11-04,0.7476859099076899
2013-11-05,0.7374444023706892
2013-11-06,0.7496407050148856
2013-11-07,0.9185955774567712
2013-11-08,1.0388901739934404
2013-11-11,1.1744118889521005
2013-11-12,1.193067703104441
2013-11-13,1.2692509780710652
2013-11-14,1.288709077630708
2013-11-18,1.266697712348229
2013-11-19,1.2831006266257436
2013-11-21,0.9505691952537568
2013-11-22,0.9109965752216002
2013-11-25,0.944655030543363
2013-11-26,0.9533194099261683
2013-11-27,0.8879469744851524
2013-11-28,0.8563317854700074
2013-11-29,0.8597674915074062
2013-12-02,0.8569213962482066
2013-12-03,0.8667016267832129
2013-12-04,0.8266441771790327
2013-12-05,0.49458010604957153
2013-12-06,0.4877155589412981
2013-12-09,0.489060149251093
2013-12-10,0.522933270796765
2013-12-11,0.46883534704743884
2013-12-12,0.4783528093888105
2013-12-13,0.4836178856813485
2013-12-16,0.5052323403447806
2013-12-17,0.5118773294116133
2013-12-18,0.5098933242218455
2013-12-19,0.5270887385497626
2013-12-20,0.5490487592490049
2013-12-23,0.5583004568155425
2013-12-26,0.6398931472015466
2013-12-27,0.7221400442656974
2013-12-30,0.5975929530105536
2014-01-02,0.5277501281142952
2014-01-03,0.5116800709550751
2014-01-06,0.5342022006129807
2014-01-07,0.5530611313866639
2014-01-08,0.4844201239741207
2014-01-09,0.4624800760148262
2014-01-10,0.4760984116747762
2014-01-13,0.4916837104010195
2014-01-14,0.48872806782512107
2014-01-15,0.5465579354781591
2014-01-16,0.7270290674045472
2014-01-17,0.8937952248999752
2014-01-20,0.4699478154931443
2014-01-21,0.45993407785947793
2014-01-22,0.46402226193854296
2014-01-23,0.4583737486942647
2014-01-24,0.45972729189606604
2014-01-27,0.4532749336417599
2014-01-28,0.5439426353425398
2014-01-29,0.5333706823422467
2014-01-30,0.4963791012390396
2014-01-31,0.4895512113650055
2014-02-03,0.4893718033541518
2014-02-04,0.4989130286057402
2014-02-05,0.4915221211493021
2014-02-06,0.5325998966418956
2014-02-07,0.4837183405447543
2014-02-10,0.4838958101698026
2014-02-11,0.47278359945382664
2014-02-12,0.4658176016691703
2014-02-13,0.4665881710313366
2014-02-14,0.48395672670638396
2014-02-17,0.48998933018414786
2014-02-18,0.49711825212522837
2014-02-19,0.5615345748507424
2014-02-20,0.5984733629708275
2014-02-21,0.717829483855032
2014-02-24,0.5078413195352975
2014-02-25,0.502075355489536
2014-02-26,0.5128802692800223
2014-02-27,0.5161576379930077
2014-02-28,0.4987041798130726
2014-03-05,0.5010305894181405
2014-03-06,0.503566305229199
2014-03-07,0.46819923484067055
2014-03-10,0.5118165431295488
2014-03-11,0.481237060749961
2014-03-12,0.49363248716794184
2014-03-13,0.4985920286080042
2014-03-14,0.5094060023023107
2014-03-17,0.5047533785539046
2014-03-18,0.5136869180236185
2014-03-19,0.5193416377639467
2014-03-20,0.5106270077307556
2014-03-21,0.5092917272350999
2014-03-24,0.5131818298283566
2014-03-25,0.5097451351305884
2014-03-26,0.508975819089463
2014-03-27,0.5021237410180487
2014-03-28,0.49630081154616446
2014-03-31,0.5057267791815949
2014-04-01,0.5118173390638064
2014-04-02,0.5040982290545987
2014-04-03,0.5545522058538536
2014-04-04,0.5787032600359722
2014-04-07,0.5677413881912771
2014-04-08,0.45280709919386836
2014-04-09,0.4312941772704912
2014-04-10,0.43343370281355914
2014-04-11,0.41860528872875225
2014-04-14,0.40454183183961073
2014-04-15,0.40104764129931103
2014-04-16,0.41331925515953827
2014-04-17,0.4240900754370914
2014-04-22,0.39998780190632777
2014-04-23,0.39835655741271864
2014-04-24,0.4022215667126103
2014-04-25,0.40608301031387123
2014-04-28,0.40108678172894235
2014-04-29,0.40394890721477766
2014-04-30,0.3994678585811174
2014-05-02,0.3986812961076863
2014-05-05,0.40114728043948444
2014-05-06,0.4139819747800535
2014-05-07,0.39006532881938444
2014-05-08,0.385487545221433
2014-05-09,0.3873841134962652
2014-05-12,0.39014759794900467
2014-05-13,0.4045065519888101
2014-05-14,0.40680629286148406
2014-05-15,0.4094100796696954
2014-05-16,0.41349060332023085
2014-05-19,0.4348867034822263
2014-05-20,0.44235630085981753
2014-05-21,0.4533516859196516
2014-05-22,0.7022725103932926
2014-05-23,0.4793427113617574
2014-05-26,0.592439763316389
2014-05-27,0.4454501331172336
2014-05-28,0.4647229750238024
2014-05-29,0.47715758929499963
2014-05-30,0.46631556456753137
2014-06-02,0.4863033807362098
2014-06-03,0.48476225778416493
2014-06-04,0.4891619806870788
2014-06-05,0.5227415565984681
2014-06-06,0.4946482728590221
2014-06-09,0.4836659883202904
2014-06-10,0.4793525205061719
2014-06-11,0.4834935306455101
2014-06-13,0.4771932457087416
2014-06-16,0.5000990437383379
2014-06-17,0.5138272518828305
2014-06-18,0.5022054783998127
2014-06-20,0.4998782756262604
2014-06-23,0.5030060612352114
2014-06-24,0.5166586944266394
2014-06-25,0.5182170321291927
2014-06-26,0.5280133964968469
2014-06-27,0.5286923589006334
2014-06-30,0.5184933787289131
2014-07-01,0.523440536801153
2014-07-02,0.5407584144342474
2014-07-03,0.5928998875374565
2014-07-04,0.5993866747047623
2014-07-07,0.5521342361029025
2014-07-08,0.5483208273810112
2014-07-10,0.5384636667192654
2014-07-11,0.5601687096500371
2014-07-14,0.5594173894307739
2014-07-15,0.5521055188559396
2014-07-16,0.5806832915849273
2014-07-17,0.5783080300246922
2014-07-18,0.5753314444622559
2014-07-21,0.6024826563215925
2014-07-22,0.6301322141363176
2014-07-23,0.6488197104458365
2014-07-24,0.6630371959485064
2014-07-25,0.6978235499085771
2014-07-28,0.7192647619384088
2014-07-29,0.7626064360071028
2014-07-30,0.981469991589475
2014-07-31,1.094427203082763
2014-08-01,0.7263683567696932
2014-08-04,0.7471789472216442
2014-08-05,0.7437839994085146
2014-08-06,0.7585727962226723
2014-08-07,0.7134756466335532
2014-08-08,0.6562129383009025
2014-08-11,0.6579685017438809
2014-08-12,0.6561597918164355
2014-08-13,0.701540486610877
2014-08-14,0.7596150951306544
2014-08-15,0.7630904510591273
2014-08-18,1.0254068814556152
2014-08-19,0.6785112063009525
2014-08-20,0.7045363497887229
2014-08-21,1.0215380569698465
2014-08-22,0.6921098857334913
2014-08-25,0.6700553958764321
2014-08-26,0.6713152393570385
2014-08-27,0.6478310963950991
2014-08-28,0.6341296987296549
2014-08-29,0.6015375745932583
2014-09-01,0.6091656260498397
2014-09-02,0.578703294784923
2014-09-03,0.607985016310885
2014-09-04,0.6443491108450116
2014-09-05,0.6050463880759289
2014-09-08,0.5980661051188868
2014-09-09,0.5949294556868716
2014-09-10,0.5910457244806285
2014-09-11,0.5994813865676064
2014-09-12,0.6056825192826822
2014-09-15,0.5993080735948882
2014-09-16,0.5853151914665362
2014-09-17,0.5835103950752506
2014-09-18,0.5870719158520694
2014-09-19,0.6627067509108509
2014-09-22,0.6634371077416978
2014-09-23,0.6644789467876795
2014-09-24,0.6466989970917822
2014-09-25,0.6672219523482376
2014-09-26,0.6420283794187669
2014-09-29,0.605950031339007
2014-09-30,0.6103554448420242
2014-10-01,0.5808200855788999
2014-10-02,0.559659546508663
2014-10-03,0.548905492953583
2014-10-06,0.5570413706296088
2014-10-07,0.5131361151591487
2014-10-08,0.5102053722173778
2014-10-09,0.49626579854204256
2014-10-10,0.4951273550310663
2014-10-13,0.49604805842852195
2014-10-14,0.49657426267572513
2014-10-15,0.5024481090266323
2014-10-16,0.502885872579649
2014-10-17,0.5053940541172897
2014-10-20,0.5184357842350416
2014-10-21,0.5786143329092794
2014-10-22,0.5347657668742095
2014-10-23,0.5140728953931848
2014-10-24,0.530189584128369
2014-10-27,0.4958496727619211
2014-10-28,0.4991335530408334
2014-10-29,0.4953498894317344
2014-10-30,0.5088844154571541
2014-10-31,0.49076300188183664
2014-11-03,0.5127637812259086
2014-11-04,0.5511796263269153
2014-11-05,0.5323124317090592
2014-11-06,0.5208863454345226
2014-11-07,0.5053292769722976
2014-11-10,0.5246309613380873
2014-11-11,0.5300457553918957
2014-11-12,0.551832631751937
2014-11-13,0.5585303587959387
2014-11-14,0.5485179081312386
2014-11-17,0.6064341522914316
2014-11-18,0.6010791465786389
2014-11-19,0.5830770032434421
2014-11-21,0.817257505495505
2014-11-24,0.5638119187091377
2014-11-25,0.5520260678648891
2014-11-26,0.5734999818145796
2014-11-27,0.5835700350907945
2014-11-28,0.5886178689883499
2014-12-01,0.5852194264653848
2014-12-02,0.6114180474222092
2014-12-03,0.6244142963981133
2014-12-04,0.6571854051417538
2014-12-05,0.6355837366299394
2014-12-08,0.67130842877866
2014-12-09,0.67727218898481
2014-12-10,0.6891476848977628
2014-12-11,0.685811038543256
2014-12-12,0.6937816139264308
2014-12-15,0.665565745097624
2014-12-16,0.6399474793984712
2014-12-17,0.6560525401866868
2014-12-18,0.6495051437908154
2014-12-19,0.6579289533134862
2014-12-22,0.649546096526872
2014-12-23,0.6583211103457498
2014-12-26,0.6304067174920088
2014-12-29,0.6520897423657084
2014-12-30,0.6446541846977819
2015-01-02,0.646224142201219
2015-01-05,0.6287298950488922
2015-01-06,0.5993009406579308
2015-01-07,0.5890069812803282
2015-01-08,0.6231893132490443
2015-01-09,0.6332021305619908
2015-01-12,0.6540100607588096
2015-01-13,0.6527156573159957
2015-01-14,0.641216619361824
2015-01-15,0.6324194955564096
2015-01-16,0.640207957933738
2015-01-19,0.6473395149960197
2015-01-20,0.639853582515935
2015-01-21,0.6387367566484957
2015-01-22,0.6282395687601392
2015-01-23,0.643627900733885
2015-01-26,0.6503553137551573
2015-01-27,0.6163356705165114
2015-01-28,0.6179728986066887
2015-01-29,0.6186621328953337
2015-01-30,0.6166895446625323
2015-02-02,0.6309520582090511
2015-02-03,0.6358242734139002
2015-02-04,0.6348728140975161
2015-02-05,0.6383786679799218
2015-02-06,0.6231257003049024
2015-02-09,0.614434906117343
2015-02-10,0.6190294101010546
2015-02-11,0.6128251786143885
2015-02-12,0.6084624797530371
2015-02-13,0.607965013896428
2015-02-18,0.613471246761612
2015-02-19,0.6186901690926475
2015-02-20,0.6350134062493675
2015-02-23,0.630165031391545
2015-02-24,0.6581023424803228
2015-02-25,0.6981724426859659
2015-02-26,0.6637493413457286
2015-02-27,0.6336346550976091
2015-03-02,0.6174698867980791
2015-03-03,0.6053647877095886
2015-03-04,0.595040742702802
2015-03-05,0.6141315123999038
2015-03-06,0.6151332600760007
2015-03-09,0.6222979464519656
2015-03-10,0.6485309828003907
2015-03-11,0.6348032728441934
2015-03-12,0.64549318884184
2015-03-13,0.6516675342696641
2015-03-16,0.6735386046565413
2015-03-17,0.6786315213531778
2015-03-18,0.6751937885464168
2015-03-19,0.6836832330152804
2015-03-20,0.6818613692211605
2015-03-23,0.6749634313439788
2015-03-24,0.6907434247349543
2015-03-25,0.7009045202752097
2015-03-26,0.706085190226202
2015-03-27,0.6829484083164126
2015-03-30,0.6883072956527752
2015-03-31,0.688540050470526
2015-04-01,0.6874875283436036
2015-04-02,0.6673708956331347
2015-04-06,0.6626085641751004
2015-04-07,0.6836758870188787
2015-04-08,0.6953529498848405
2015-04-09,0.6856057904377985
2015-04-10,0.7325365701282307
2015-04-13,0.736443547249908
2015-04-14,0.7612590890692722
2015-04-15,0.7754437858168937
2015-04-16,0.7428775622799103
2015-04-17,0.7229895597120547
2015-04-20,0.6942578164454897
2015-04-22,0.6903165983818833
2015-04-23,0.670429121762983
2015-04-24,0.6591502859672996
2015-04-27,0.6680483217125914
2015-04-28,0.6671935104769365
2015-04-29,0.6432718137203626
2015-04-30,0.6300161372779712
2015-05-04,0.624953906399716
2015-05-05,0.6159757926625548
2015-05-06,0.609508939757743
2015-05-07,0.6072362430240774
2015-05-08,0.5989437572185594
2015-05-11,0.5958561646523031
2015-05-12,0.5913452962674499
2015-05-13,0.5885437269994945
2015-05-14,0.5936785705059793
2015-05-15,0.5952488726944343
2015-05-18,0.5935621402241604
2015-05-19,0.5970612880566781
2015-05-20,0.6011447546216712
2015-05-21,0.6025307180555194
2015-05-22,0.6086327115797546
2015-05-25,0.6380324361098654
2015-05-26,0.6352308097986549
2015-05-27,0.6422391147354595
2015-05-28,0.6455497027828593
2015-05-29,0.642499195974549
2015-06-01,0.6006303049113715
2015-06-02,0.5936090130154915
2015-06-03,0.5818415393914461
2015-06-05,0.5574240275644228
2015-06-08,0.5709321411392614
2015-06-09,0.6028261168373903
2015-06-10,0.5863905398829036
2015-06-11,0.6183912453496114
2015-06-12,0.5967045198522881
2015-06-15,0.613914361980491
2015-06-16,0.6203263719121441
2015-06-17,0.6608930702389093
2015-06-18,0.6533483860156204
2015-06-19,0.6606560534583344
2015-06-22,0.6616982952258911
2015-06-23,0.6654605695573335
2015-06-24,0.6795474571263312
2015-06-25,0.7060049805546313
2015-06-26,0.7157971995571171
2015-06-29,0.7230475814127966
2015-06-30,0.6958066232857333
2015-07-01,0.691878041365274
2015-07-02,0.7330936873250369
2015-07-03,0.7106907749017346
2015-07-06,0.7233835344148989
2015-07-07,0.6927294475559534
2015-07-08,0.6911864421337885
2015-07-10,0.6475344061502931
2015-07-13,0.6490861942291328
2015-07-14,0.6432378088129717
2015-07-15,0.6649827549204247
2015-07-16,0.6849690744264832
2015-07-17,0.7196393540089215
2015-07-20,0.6925783549209977
2015-07-21,0.693720043660101
2015-07-22,0.7033969506183723
2015-07-23,0.7055215325859479
2015-07-24,0.7024831538243902
2015-07-27,0.6965392000879747
2015-07-28,0.6832269906406955
2015-07-29,0.6898158593718112
2015-07-30,0.6842349952411177
2015-07-31,0.6969053222449227
2015-08-03,0.6771058040742478
2015-08-04,0.6763297391762275
2015-08-05,0.6757667996115523
2015-08-06,0.6971132377991984
2015-08-07,0.6835737420307867
2015-08-10,0.6891633353589646
2015-08-11,0.6839893943893347
2015-08-12,0.6823395771698103
2015-08-13,0.6935758453910655
2015-08-14,0.6751836919054984
2015-08-17,0.6682439760456684
2015-08-18,0.644915170190569
2015-08-19,0.6378627238604836
2015-08-20,0.6569254496215489
2015-08-21,0.6803913850253152
2015-08-24,0.6638539648068857
2015-08-25,0.6646863266683521
2015-08-26,0.640187112894629
2015-08-27,0.6071245119075819
2015-08-28,0.6023360853025227
2015-08-31,0.5883738663313095
2015-09-01,0.5731407711027064
2015-09-02,0.5729270649291672
2015-09-03,0.5586536424602205
2015-09-04,0.5532020954597187
2015-09-08,0.5534615756537239
2015-09-09,0.5547343950692261
2015-09-10,0.5330018605167957
2015-09-11,0.521185372870578
2015-09-14,0.5203842176543025
2015-09-15,0.5115523103522919
2015-09-16,0.49943064664897907
2015-09-17,0.49488148669113924
2015-09-18,0.4898420427113903
2015-09-21,0.49212410105612214
2015-09-22,0.5058435763217971
2015-09-23,0.4886582296055677
2015-09-24,0.48733735470346085
2015-09-25,0.4881971540635959
2015-09-28,0.5107528810280324
2015-09-29,0.5008995477285904
2015-09-30,0.5081982257088442
2015-10-01,0.5216730009120293
2015-10-02,0.5157832633239852
2015-10-05,0.518623499445957
2015-10-06,0.5311882087703093
2015-10-07,0.5266880412773904
2015-10-08,0.5432202295386236
2015-10-09,0.5423346744325097
2015-10-13,0.5349719875945657
2015-10-14,0.5379894152195183
2015-10-15,0.5454986391124559
2015-10-16,0.5447822602045207
2015-10-19,0.549422910016675
2015-10-20,0.5494125397820261
2015-10-21,0.547226695782725
2015-10-22,0.540342031319444
2015-10-23,0.5433389796361727
2015-10-26,0.5513848440193978
2015-10-27,0.5547885466167245
2015-10-28,0.5633908905601023
2015-10-29,0.5589988002172432
2015-10-30,0.5669124751646305
2015-11-03,0.5600464287463075
2015-11-04,0.5515765351459365
2015-11-05,0.5552129909449445
2015-11-06,0.5460826059109584
2015-11-09,0.5483059325829129
2015-11-10,0.5504144815184375
2015-11-11,0.5468890889738568
2015-11-12,0.5501746353060437
2015-11-13,0.5583565989973439
2015-11-16,0.5596693588595271
2015-11-17,0.5645932357884135
2015-11-18,0.5666798513237958
2015-11-19,0.5703463321730778
2015-11-23,0.5739716740489142
2015-11-24,0.5560286928511755
2015-11-25,0.5540755152088831
2015-11-26,0.5698353339030107
2015-11-27,0.5898969699546088
2015-11-30,0.5930109171092594
2015-12-01,0.583053169125181
2015-12-02,0.59895960265716
2015-12-03,0.5651827387082098
2015-12-04,0.5776043954482624
2015-12-07,0.5608444820682241
2015-12-08,0.556657246432612
2015-12-09,0.5454731914691571
2015-12-10,0.5380525422880299
2015-12-11,0.5358592064306571
2015-12-14,0.5640287046525672
2015-12-15,0.543641596934705
2015-12-16,0.5564404633819371
2015-12-17,0.5666235285258607
2015-12-18,0.544562113807899
2015-12-21,0.5750349214919166
2015-12-22,0.5850152328257762
2015-12-23,0.5715159151083087
2015-12-28,0.5812107375988179
2015-12-29,0.5908152978657925
2015-12-30,0.6305576602157721
2016-01-04,0.596876327577421
2016-01-05,0.6176057631868318
2016-01-06,0.669709834253303
2016-01-07,0.6976126710729991
2016-01-08,0.6525617082018682
2016-01-11,0.6613243847193853
2016-01-12,0.6738085374114785
2016-01-13,0.6676210665070995
2016-01-14,0.6749055320708468
2016-01-15,0.7028059514432727
2016-01-18,0.7183735059545211
2016-01-19,0.72448859103713
2016-01-20,0.7390949874393048
2016-01-21,0.7440115856212447
2016-01-22,0.7475627731759678
2016-01-26,0.7683659109563464
2016-01-27,0.7342066687396082
2016-01-28,0.74227320527423
2016-01-29,0.7453601466727771
2016-02-01,0.7318372902325664
2016-02-02,0.7265423935231127
2016-02-03,0.7751640648778115
2016-02-04,0.7647197114392492
2016-02-05,0.7384594099373041
2016-02-10,0.7543901872881994
2016-02-11,0.7383640279151356
2016-02-12,0.7309835333264253
2016-02-15,0.7170861609356886
2016-02-16,0.6951649503935917
2016-02-17,0.6757241129614502
2016-02-18,0.6948870901185936
2016-02-19,0.6847737143285549
2016-02-22,0.6862512720767899
2016-02-23,0.6398143557571393
2016-02-24,0.6365227913562592
2016-02-25,0.6234149905977932
2016-02-26,0.614848254415418
2016-02-29,0.6051268227493534
2016-03-01,0.5949851358202044
2016-03-02,0.594361567500301
2016-03-03,0.5594029563070428
2016-03-04,0.5560890078400186
2016-03-07,0.5584142338488065
2016-03-08,0.5250470828748847
2016-03-09,0.5023871723729488
2016-03-10,0.4746479313834949
2016-03-11,0.47047150923165526
2016-03-14,0.45907370442734563
2016-03-15,0.45240607688062645
2016-03-16,0.43798691447837595
2016-03-17,0.42948313377259884
2016-03-18,0.42493872996103804
2016-03-21,0.43713463826749493
2016-03-22,0.44142146916809005
2016-03-23,0.42929235791432657
2016-03-24,0.4128848694022729
2016-03-28,0.40299567739152004
2016-03-29,0.3927339761815747
2016-03-30,0.3874448453655651
2016-03-31,0.3811799925073488
2016-04-01,0.37973904308139994
2016-04-04,0.38051375493250544
2016-04-05,0.37761707771724307
2016-04-06,0.37752395150096174
2016-04-07,0.3717930040983029
2016-04-08,0.3659844637057158
2016-04-11,0.3685191537350983
2016-04-12,0.3634959500070353
2016-04-13,0.36331844394691926
2016-04-14,0.36637929570854627
2016-04-15,0.3704790828075201
2016-04-18,0.3774493558266179
2016-04-19,0.37587510758667764
2016-04-20,0.38441050764871976
2016-04-22,0.37495214503907254
2016-04-25,0.3874994456070941
2016-04-26,0.39338235233407265
2016-04-27,0.3906186201979742
2016-04-28,0.3909721248242519
2016-04-29,0.3834605742206351
2016-05-02,0.40057638696387454
2016-05-03,0.40835992513651864
2016-05-04,0.4083871815574333
2016-05-05,0.4121879094429286
2016-05-06,0.4141447703269697
2016-05-09,0.41000614641894073
2016-05-10,0.4176830834372449
2016-05-11,0.4263870912983644
2016-05-12,0.41566936098873986
2016-05-13,0.4266828557338579
2016-05-16,0.43446727293655485
2016-05-17,0.43185389098945864
2016-05-18,0.4368877093398552
2016-05-19,0.42576883105921876
2016-05-20,0.425579785054513
2016-05-23,0.4281627735712335
2016-05-24,0.4334545123509343
2016-05-25,0.43778104540608
2016-05-27,0.44835089871838446
2016-05-30,0.4676656615711363
2016-05-31,0.45564145210825047
2016-06-01,0.4532130833372182
2016-06-02,0.459555615512505
2016-06-03,0.46220370929019433
2016-06-06,0.4571051336932737
2016-06-07,0.4573300755362665
2016-06-08,0.4554228995233752
2016-06-09,0.4612916373734812
2016-06-10,0.4682807755601547
2016-06-13,0.48305470158975317
2016-06-14,0.47513258307104955
2016-06-15,0.4772077949481766
2016-06-16,0.4966228636949403
2016-06-17,0.5026660550768061
2016-06-20,0.5073456189193178
2016-06-21,0.5320023711135113
2016-06-22,0.5407535943498352
2016-06-23,0.5432398887157038
2016-06-24,0.5479970908556286
2016-06-27,0.5565434186794482
2016-06-28,0.5611553271950618
2016-06-29,0.5651063325501977
2016-06-30,0.5620491380774694
2016-07-01,0.5705441677561003
2016-07-04,0.5902782057867322
2016-07-05,0.5860739577605543
2016-07-06,0.5711029674997669
2016-07-07,0.5719301080617368
2016-07-08,0.5706236529537249
2016-07-11,0.5533159912842451
2016-07-12,0.5641995847960949
2016-07-13,0.564663549321538
2016-07-14,0.5512098678540301
2016-07-15,0.5484186729828091
2016-07-18,0.5447416864754235
2016-07-19,0.542981841863143
2016-07-20,0.5494681139201887
2016-07-21,0.5402198317809345
2016-07-22,0.5391356633701304
2016-07-25,0.5273237269523244
2016-07-26,0.5305036394606671
2016-07-27,0.5354878330450599
2016-07-28,0.5290966697698318
2016-07-29,0.5216961438323918
2016-08-01,0.5256750383022687
2016-08-02,0.522006934651649
2016-08-03,0.5119296099897409
2016-08-04,0.5071013039974075
2016-08-05,0.5136714327090721
2016-08-08,0.519392446015132
2016-08-09,0.5246308453777009
2016-08-10,0.515537970186088
2016-08-11,0.5131555123905225
2016-08-12,0.5106955415371707
2016-08-15,0.5049297780506979
2016-08-16,0.5043910506816701
2016-08-17,0.49239781298015484
2016-08-18,0.48961733028647675
2016-08-19,0.47847134549321496
2016-08-22,0.47588284884787474
2016-08-23,0.47530808175032485
2016-08-24,0.47809957920992985
2016-08-25,0.47749086347727504
2016-08-26,0.46663350676292537
2016-08-29,0.4631807503521643
2016-08-30,0.46042389344102536
2016-08-31,0.4547458937042354
2016-09-01,0.44647049805111716
2016-09-02,0.438673918903143
2016-09-05,0.4432633338492086
2016-09-06,0.432215520359908
2016-09-08,0.4253171007755792
2016-09-09,0.4247061803009706
2016-09-12,0.440002027812458
2016-09-13,0.43938355078089764
2016-09-14,0.4442315710533026
2016-09-15,0.4532963600473956
2016-09-16,0.45237090101213245
2016-09-19,0.45236589749655226
2016-09-20,0.4531037017725632
2016-09-21,0.44593370747752237
2016-09-22,0.43715557563219265
2016-09-23,0.4426189142247528
2016-09-26,0.45118043609564723
2016-09-27,0.45248611240800357
2016-09-28,0.4515032415673794
2016-09-29,0.4523322146654754
2016-09-30,0.4498535812926133
2016-10-03,0.44554586040644634
2016-10-04,0.4349161306145511
2016-10-05,0.4314828316285154
2016-10-06,0.4286455431809561
2016-10-07,0.4270989815427305
2016-10-10,0.42760424759008875
2016-10-11,0.42394091524111877
2016-10-13,0.4110476624382859
2016-10-14,0.4157701114238107
2016-10-17,0.41762174521076534
2016-10-18,0.41319417886627074
2016-10-19,0.4068350047654555
2016-10-20,0.39698838268261405
2016-10-21,0.3898012882685928
2016-10-24,0.39479371508831806
2016-10-25,0.39585258890232067
2016-10-26,0.3938670722690072
2016-10-27,0.3880538754817641
2016-10-28,0.37775089173878257
2016-10-31,0.37559814187998464
2016-11-01,0.3709601838084027
2016-11-03,0.36597400619702375
2016-11-04,0.36441208726892066
2016-11-07,0.36210188453281883
2016-11-08,0.3595212712394999
2016-11-09,0.34590288529995394
2016-11-10,0.3293057791562817
2016-11-11,0.3206948412907375
2016-11-14,0.3179917868661859
2016-11-16,0.31093348279873184
2016-11-17,0.30183627400894564
2016-11-18,0.2970774298601467
2016-11-21,0.2953034812014682
2016-11-22,0.29673141036277006
2016-11-23,0.2954462919548065
2016-11-24,0.29115167577504264
2016-11-25,0.2916032567470982
2016-11-28,0.2956700938614554
2016-11-29,0.29353650238551204
2016-11-30,0.29234158226779755
2016-12-01,0.29061919395145835
2016-12-02,0.29365825633231724
2016-12-05,0.29885252512945587
2016-12-06,0.2972202248673843
2016-12-07,0.2953499542455104
2016-12-08,0.300530429050472
2016-12-09,0.29880196200576464
2016-12-12,0.299986796591749
2016-12-13,0.30211191453530084
2016-12-14,0.3081495595189223
2016-12-15,0.31335032239042365
2016-12-16,0.3187700304606186
2016-12-19,0.32121478207922877
2016-12-20,0.3289634893061379
2016-12-21,0.3346707849681388
2016-12-22,0.33717217490161017
2016-12-23,0.36315455627751364
2016-12-26,0.387508201835423
2016-12-27,0.40090012415540377
2016-12-28,0.4148253594172025
2016-12-29,0.41991940941336336
2017-01-02,0.43347283383097035
2017-01-03,0.4344135752379603
2017-01-04,0.44214320149763414
2017-01-05,0.44798570823655465
2017-01-06,0.44058822213250126
2017-01-09,0.43807457237795216
2017-01-10,0.4375399841629844
2017-01-11,0.4359575033123718
2017-01-12,0.42940181008318346
2017-01-13,0.4492508398806079
2017-01-16,0.46741825692254757
2017-01-17,0.4583295962946623
2017-01-18,0.45865505538428913
2017-01-19,0.4595035814109261
2017-01-20,0.45442660042015504
2017-01-23,0.4610063048899972
2017-01-24,0.4576970338646864
2017-01-26,0.45173343591522513
2017-01-27,0.45473311408725015
2017-01-30,0.4624551415895552
2017-01-31,0.46596344046136723
2017-02-01,0.4620601796872773
2017-02-02,0.46223559233814465
2017-02-03,0.4561635868791103
2017-02-06,0.4664797153841443
2017-02-07,0.46169154738967755
2017-02-08,0.4405124882204366
2017-02-09,0.42913580673916385
2017-02-10,0.4205529665789084
2017-02-13,0.41724514066827073
2017-02-14,0.40015881160114036
2017-02-15,0.38570862447855525
2017-02-16,0.38836782527743374
2017-02-17,0.3923428943764994
2017-02-20,0.3910623646618759
2017-02-21,0.38449559991006543
2017-02-22,0.38118224631678366
2017-02-23,0.37559260254208
2017-02-24,0.38206803462006633
2017-03-01,0.3825247794561708
2017-03-02,0.37571339980050367
2017-03-03,0.37691522638228503
2017-03-06,0.3826761016960343
2017-03-07,0.37871519680536575
2017-03-08,0.3810887761777527
2017-03-09,0.3806472002217175
2017-03-10,0.38771423434057245
2017-03-13,0.38182477449133106
2017-03-14,0.37739982425701357
2017-03-15,0.3673919447456234
2017-03-16,0.364828635409455
2017-03-17,0.3583689756754345
2017-03-20,0.35513436087539846
2017-03-21,0.3639848324947667
2017-03-22,0.3525090413321187
2017-03-23,0.34523985094048976
2017-03-24,0.3470641132546769
2017-03-27,0.3505105473767496
2017-03-28,0.35556768973695513
2017-03-29,0.3616341713619837
2017-03-30,0.36710980907827007
2017-03-31,0.37218116266227597
2017-04-03,0.37541688729919365
2017-04-04,0.37677133192200196
2017-04-05,0.37339655347205375
2017-04-06,0.3723523605635799
2017-04-07,0.3815427155511208
2017-04-10,0.38447011276406073
2017-04-11,0.38383754346450366
2017-04-12,0.38266609393573436
2017-04-13,0.38519524001274535
2017-04-17,0.3661827447510634
2017-04-18,0.36555122775268506
2017-04-19,0.36708044889660785
2017-04-20,0.3439075405813242
2017-04-24,0.3475532540943104
2017-04-25,0.35587172813893564
2017-04-26,0.3525515247586853
2017-04-27,0.34274994408428905
2017-04-28,0.3330258330361256
2017-05-02,0.3277498003981302
2017-05-03,0.33466669638448837
2017-05-04,0.33428470581852876
2017-05-05,0.34107271688404717
2017-05-08,0.34563167509681153
2017-05-09,0.34045481053976084
2017-05-10,0.335979886704094
2017-05-11,0.334939628441705
2017-05-12,0.32761136055323276
2017-05-15,0.32742136326851723
2017-05-16,0.3247492695915577
2017-05-17,0.3238483148809638
2017-05-18,0.30020383170701936
2017-05-19,0.2901574305323054
2017-05-22,0.29116935367936064
2017-05-23,0.2860068389547476
2017-05-24,0.2841719707686851
2017-05-25,0.27907974997893975
2017-05-26,0.2777318813308238
2017-05-29,0.28140420366370444
2017-05-30,0.2805608987828266
2017-05-31,0.27292481866703405
2017-06-01,0.2748864330612412
2017-06-02,0.2746404737272538
2017-06-05,0.2766668373784204
2017-06-06,0.2761386939658354
2017-06-07,0.2775829812813819
2017-06-08,0.27979468026572835
2017-06-09,0.2809146813652091
2017-06-12,0.28226302915313295
2017-06-13,0.2868945627162211
2017-06-14,0.28212565793971156
2017-06-16,0.2840590742012348
2017-06-19,0.2913953678790207
2017-06-20,0.29253195248947067
2017-06-21,0.2895672762521875
2017-06-22,0.2871245147280505
2017-06-23,0.2975461440279064
2017-06-26,0.30604719112702194
2017-06-27,0.28529458204870695
2017-06-28,0.29056858841541144
2017-06-29,0.29529483477642793
2017-06-30,0.3162148049764177
2017-07-03,0.33042259254541767
2017-07-04,0.34553560460763594
2017-07-05,0.3514098077587335
2017-07-06,0.3555440343613931
2017-07-07,0.36640367353940045
2017-07-10,0.37694721666601655
2017-07-11,0.37192639307227804
2017-07-12,0.36332132026349256
2017-07-13,0.3702181412034066
2017-07-14,0.3758462237220011
2017-07-17,0.3737881639704819
2017-07-18,0.37914909807745006
2017-07-19,0.38371485312544645
2017-07-20,0.3842893307424335
2017-07-21,0.39101597232748386
2017-07-24,0.40105020012561154
2017-07-25,0.40179581661342584
2017-07-26,0.4001495620715107
2017-07-27,0.4094858053147987
2017-07-28,0.43119831817701476
2017-07-31,0.43218530930113735
2017-08-01,0.44063205586677884
2017-08-02,0.43718605462049004
2017-08-03,0.43856708983094667
2017-08-04,0.43975745990977166
2017-08-07,0.4341755352499662
2017-08-08,0.4341011836660369
2017-08-09,0.430067149316001
2017-08-10,0.42728987527391527
2017-08-11,0.4506196453696131
2017-08-14,0.43143631677688654
2017-08-15,0.420678378780299
2017-08-16,0.40881487134604483
2017-08-17,0.416794500163966
2017-08-18,0.4175406646168867
2017-08-21,0.4106629997909719
2017-08-22,0.40521497431937226
2017-08-23,0.4162801494657512
2017-08-24,0.4008915906088483
2017-08-25,0.3925886724031261
2017-08-28,0.39431371002819354
2017-08-29,0.394185612580459
2017-08-30,0.39271174084990546
2017-08-31,0.3795078624119853
2017-09-01,0.3736351931733779
2017-09-04,0.36565006375485287
2017-09-05,0.35925017658994224
2017-09-06,0.3532503925186498
2017-09-08,0.3510507225527363
2017-09-11,0.34840953253480295
2017-09-12,0.34400645743984115
2017-09-13,0.34256394544823376
2017-09-14,0.34311682154078804
2017-09-15,0.32544857912182706
2017-09-18,0.3261010003208734
2017-09-19,0.3083656661370839
2017-09-20,0.33280283684316286
2017-09-21,0.33034815462298395
2017-09-22,0.31969405992046945
2017-09-25,0.3165283165027844
2017-09-26,0.3140939237639088
2017-09-27,0.3089339279607125
2017-09-28,0.31229503476008735
2017-09-29,0.3009330466777691
2017-10-02,0.296299420246613
2017-10-03,0.29714809863922054
2017-10-04,0.30092573085784574
2017-10-05,0.29780771472481965
2017-10-06,0.3012534992893304
2017-10-09,0.3003583092776311
2017-10-10,0.29681975338363914
2017-10-11,0.2874888114751535
2017-10-13,0.2825668129913014
2017-10-16,0.2926302405032912
2017-10-17,0.30230970930069423
2017-10-18,0.3008047348225742
2017-10-19,0.3098153076328336
2017-10-20,0.3072033758355376
2017-10-23,0.31741399320058156
2017-10-24,0.31367637852990315
2017-10-25,0.31641163105710524
2017-10-26,0.3093294639832646
2017-10-27,0.31072076725736936
2017-10-30,0.3141496034048858
2017-10-31,0.32267124270563174
2017-11-01,0.32079426190779897
2017-11-03,0.31733717319428095
2017-11-06,0.31524483034852246
2017-11-07,0.31791797311670067
2017-11-08,0.32118644923269146
2017-11-09,0.3305177400372638
2017-11-10,0.32879375099859587
2017-11-13,0.3282877276277177
2017-11-14,0.31456402045123766
2017-11-16,0.3147042736837389
2017-11-17,0.32033703605591085
2017-11-21,0.3171549294983761
2017-11-22,0.3227448535872059
2017-11-23,0.32823102720057734
2017-11-24,0.3295019481783519
2017-11-27,0.33279446778169824
2017-11-28,0.34059142195505987
2017-11-29,0.3463411681437785
2017-11-30,0.33992247636091294
2017-12-01,0.34613430820869867
2017-12-04,0.352493554526112
2017-12-05,0.34222612512902567
2017-12-06,0.34545538651144464
2017-12-07,0.3412131201782659
2017-12-08,0.3440798453728944
2017-12-11,0.3477130987282092
2017-12-12,0.38304929886601485
2017-12-13,0.35499084255662067
2017-12-14,0.3487122970756187
2017-12-15,0.34647883441665195
2017-12-18,0.3656976121901332
2017-12-19,0.3733186208898363
2017-12-20,0.3737853807677852
2017-12-21,0.36315744425429297
2017-12-22,0.36948524113383535
2017-12-26,0.3844536067865919
2017-12-27,0.3703151174263104
2017-12-28,0.35517439467291084
2018-01-02,0.35666375927394056
2018-01-03,0.3765916630876573
2018-01-04,0.35650344483476676
2018-01-05,0.36312420635238946
2018-01-08,0.3704749812528667
2018-01-09,0.3753113197135591
2018-01-10,0.3571587338691551
2018-01-11,0.35683180546930804
2018-01-12,0.35089593776463873
2018-01-15,0.3668401415672916
2018-01-16,0.3728626746362054
2018-01-17,0.37133351414274546
2018-01-18,0.3679681178219216
2018-01-19,0.35690509790857305
2018-01-22,0.36678528101513064
2018-01-23,0.3611097932122153
2018-01-24,0.34815968699019817
2018-01-26,0.3349906515563553
2018-01-29,0.343261689957656
2018-01-30,0.34799758628859384
2018-01-31,0.34190730766899885
2018-02-01,0.34098721210690314
2018-02-02,0.33571503158593474
2018-02-05,0.33347409314410736
2018-02-06,0.31850977879764486
2018-02-07,0.3193928172345451
2018-02-08,0.31153435359290943
2018-02-09,0.3045445402891481
2018-02-14,0.300276492321193
2018-02-15,0.3048740904053918
2018-02-16,0.2947023225217586
2018-02-19,0.2984130561508264
2018-02-20,0.290524831252897
2018-02-21,0.2947343263909604
2018-02-22,0.30455056970702993
2018-02-23,0.28140231384158737
2018-02-26,0.27014131965265936
2018-02-27,0.2638822211372337
2018-02-28,0.2539552199506302
2018-03-01,0.24869151455135408
2018-03-02,0.2455950961221293
2018-03-05,0.23757159778523496
2018-03-06,0.22779659071894842
2018-03-07,0.22636779082697547
2018-03-08,0.22567587475994066
2018-03-09,0.2225161944839272
2018-03-12,0.2220890295349354
2018-03-13,0.2277907042064572
2018-03-14,0.23642364090857582
2018-03-15,0.2313039392199754
2018-03-16,0.23210906204522622
2018-03-19,0.23755114713552625
2018-03-20,0.2463305145035852
2018-03-21,0.24819032569310734
2018-03-22,0.25493024330733544
2018-03-23,0.2587565336039742
2018-03-26,0.2615221232107888
2018-03-27,0.26603411030167773
2018-03-28,0.263250809131437
2018-03-29,0.25743019292120595
2018-04-02,0.2582088586504783
2018-04-03,0.26311686903786197
2018-04-04,0.2648551043854947
2018-04-05,0.26784489214838975
2018-04-06,0.27093687738643546
2018-04-09,0.27201789731253523
2018-04-10,0.2712897112466573
2018-04-11,0.27349089103035584
2018-04-12,0.2831332591598666
2018-04-13,0.283022809189152
2018-04-16,0.2829630230904832
2018-04-17,0.2884444655868528
2018-04-18,0.290763981425817
2018-04-19,0.2870048687997416
2018-04-20,0.29150281151225776
2018-04-23,0.2918460895208523
2018-04-24,0.29137354407116944
2018-04-25,0.29641424734799177
2018-04-26,0.2939115042200225
2018-04-27,0.3017966590390633
2018-04-30,0.29547293706983074
2018-05-02,0.2870693618110401
2018-05-03,0.28805642073119986
2018-05-04,0.28516784129939143
2018-05-07,0.28820911917369296
2018-05-08,0.2902005223435703
2018-05-09,0.29027903547136213
2018-05-10,0.2849264972927063
2018-05-11,0.2817153343104053
2018-05-14,0.2817819196906433
2018-05-15,0.2784397709691808
2018-05-16,0.2756580720899313
2018-05-17,0.2680503854710393
2018-05-18,0.2623905448788892
2018-05-21,0.2604983329208804
2018-05-22,0.2595404165918398
2018-05-23,0.2646426552523744
2018-05-24,0.26503321689074405
2018-05-25,0.2651623520459097
2018-05-28,0.2690277807550894
2018-05-29,0.26130925042697845
2018-05-30,0.25518964116049137
2018-06-01,0.26006653958516895
2018-06-04,0.2556596809222915
2018-06-05,0.24879961961817756
2018-06-06,0.24517670544784023
2018-06-07,0.23040894607242315
2018-06-08,0.23162077663749378
2018-06-11,0.2336869797965808
2018-06-12,0.2346690982311669
2018-06-13,0.23029605178992987
2018-06-14,0.23015991163035396
2018-06-15,0.22707502324795345
2018-06-18,0.2307225927402884
2018-06-19,0.230685005580135
2018-06-20,0.2307997063607041
2018-06-21,0.23414412842529725
2018-06-22,0.23507271340104374
2018-06-25,0.2399799763565773
2018-06-26,0.24199783866157704
2018-06-27,0.2477013012955223
2018-06-28,0.25249817170488564
2018-06-29,0.25501865469571866
2018-07-02,0.26023016318995884
2018-07-03,0.2663096482302626
2018-07-04,0.2698481710901058
2018-07-05,0.27138226831058243
2018-07-06,0.2702271174871866
2018-07-10,0.2712963525538217
2018-07-11,0.2750045867532928
2018-07-12,0.27852797794521367
2018-07-13,0.2869055858777851
2018-07-16,0.29031515302854244
2018-07-17,0.29409529886820185
2018-07-18,0.2973826498956068
2018-07-19,0.30274542582722663
2018-07-20,0.31618630586591656
2018-07-23,0.3230523724193935
2018-07-24,0.32910932525659486
2018-07-25,0.3260122335735831
2018-07-26,0.31903580821320465
2018-07-27,0.32028133259154845
2018-07-30,0.32776679805650605
2018-07-31,0.32539420321889595
2018-08-01,0.32981102621828445
2018-08-02,0.3293938002456249
2018-08-03,0.32244743934969294
2018-08-06,0.32396013505768917
2018-08-07,0.32079891116611925
2018-08-08,0.3174977059710586
2018-08-09,0.3175643098967092
2018-08-10,0.316073787650153
2018-08-13,0.31562411719376315
2018-08-14,0.31425274507408646
2018-08-15,0.3139140587155741
2018-08-16,0.30506309043869967
2018-08-17,0.29832773182753686
2018-08-20,0.29565014341179535
2018-08-21,0.29377560355122795
2018-08-22,0.2943651231092441
2018-08-23,0.29346587081944414
2018-08-24,0.3009995383543077
2018-08-27,0.3010723864026966
2018-08-28,0.30210985373239074
2018-08-29,0.3030746950589333
2018-08-30,0.2963535694920351
2018-08-31,0.2957959972493389
2018-09-03,0.3010265152832244
2018-09-04,0.3028937439069142
2018-09-05,0.31663044606862334
2018-09-06,0.3133361222606041
2018-09-10,0.3153970502586273
2018-09-11,0.31513142779530584
2018-09-12,0.31955161788971387
2018-09-13,0.32032455718786046
2018-09-14,0.31803090585523974
2018-09-17,0.32123527524145307
2018-09-18,0.31781154472559003
2018-09-19,0.32165504906943265
2018-09-20,0.32585346153569544
2018-09-21,0.3190735225366972
2018-09-24,0.3277782012072658
2018-09-25,0.3307206159181319
2018-09-26,0.3304114127034903
2018-09-27,0.3266560698193372
2018-09-28,0.33043648851705276
2018-10-01,0.3327678706127041
2018-10-02,0.32417923888999817
2018-10-03,0.30731658552908614
2018-10-04,0.3073991825759455
2018-10-05,0.30346500670429755
2018-10-08,0.2850426091702756
2018-10-09,0.2764036285978324
2018-10-10,0.27118094154394445
2018-10-11,0.2651756763883939
2018-10-15,0.25742465208253484
2018-10-16,0.25006596843800216
2018-10-17,0.24401046829798795
2018-10-18,0.24462981476427603
2018-10-19,0.2427645466422431
2018-10-22,0.2401123160304218
2018-10-23,0.23721159377427956
2018-10-24,0.2322564234072482
2018-10-25,0.23190739148671694
2018-10-26,0.23014262331026503
2018-10-29,0.22649007080036754
2018-10-30,0.22440180294411416
2018-10-31,0.22154336401957897
2018-11-01,0.2152781609330744
2018-11-05,0.21407209841585903
2018-11-06,0.21203196208236644
2018-11-07,0.20810922917468547
2018-11-08,0.2033284810663911
2018-11-09,0.2018678780188787
2018-11-12,0.20382127755111146
2018-11-13,0.2050873788566206
2018-11-14,0.19972584243071495
2018-11-16,0.1955530875584381
2018-11-19,0.20003031828578383
2018-11-21,0.19711957823908638
2018-11-22,0.1932449696175774
2018-11-23,0.2058190845022199
2018-11-26,0.20760895374800215
2018-11-27,0.20563206996200362
2018-11-28,0.2036857142111474
2018-11-29,0.2044806220185216
2018-11-30,0.20270829502212873
2018-12-03,0.19650506459907421
2018-12-04,0.19938826297440965
2018-12-05,0.20236165571968737
2018-12-06,0.2015201061011693
2018-12-07,0.20581764558037807
2018-12-10,0.20902829496241154
2018-12-11,0.21224560805841264
2018-12-12,0.21488094787132955
2018-12-13,0.22103912920591273
2018-12-14,0.22539410090580397
2018-12-17,0.2276837240502866
2018-12-18,0.2297123200765484
2018-12-19,0.22952093660157666
2018-12-20,0.230316194634313
2018-12-21,0.2283283099378595
2018-12-26,0.2400658188656766
2018-12-27,0.24261216373488675
2018-12-28,0.24471378583166098
2019-01-02,0.23885071903841051
2019-01-03,0.24016382043742304
2019-01-04,0.24106373004598514
2019-01-07,0.25045747112538397
2019-01-08,0.24333276042626742
2019-01-09,0.23321137819996274
2019-01-10,0.22700104648990527
2019-01-11,0.22170787636462735
2019-01-14,0.22352124704484905
2019-01-15,0.22872277172833771
2019-01-16,0.22966803893554427
2019-01-17,0.2324551717553068
2019-01-18,0.2328063345012097
2019-01-21,0.23527062212455338
2019-01-22,0.23460784035008517
2019-01-23,0.23234415532532574
2019-01-24,0.22902829972607586
2019-01-28,0.22034168348446154
2019-01-29,0.22278096271198208
2019-01-30,0.2215914959239748
2019-01-31,0.21618080278322271
2019-02-01,0.21342687330520277
2019-02-04,0.214302243905989
2019-02-05,0.21731215233413792
2019-02-06,0.2157609747084652
2019-02-07,0.21345229078538364
2019-02-08,0.21082766645215606
2019-02-11,0.2096829753951492
2019-02-12,0.2084998449837561
2019-02-13,0.20521996448242205
2019-02-14,0.20910988751320958
2019-02-15,0.21365879969280857
2019-02-18,0.2148183952680632
2019-02-19,0.22375003054831255
2019-02-20,0.2220147164310337
2019-02-21,0.2321919549543731
2019-02-22,0.23711260395212552
2019-02-25,0.240011270662899
2019-02-26,0.24188634920768198
2019-02-27,0.24400581814021838
2019-02-28,0.24754186500973566
2019-03-01,0.24484830848198585
2019-03-06,0.24611617374912573
2019-03-07,0.24352021518988234
2019-03-08,0.2443689698039495
2019-03-11,0.2577887253269019
2019-03-12,0.250080493491035
2019-03-13,0.2508020873135998
2019-03-14,0.25698300978021554
2019-03-15,0.2532966593641566
2019-03-18,0.25588960988324455
2019-03-19,0.2538036655111974
2019-03-20,0.25340578638780037
2019-03-21,0.2283478935336139
2019-03-22,0.22650564343057367
2019-03-25,0.2312104040687661
2019-03-26,0.2328124027926342
2019-03-27,0.2287735115906573
2019-03-28,0.22842121576575142
2019-03-29,0.23251840098816104
2019-04-01,0.23570900279608079
2019-04-02,0.24063224519367182
2019-04-03,0.2356835402838509
2019-04-04,0.23472401285285832
2019-04-05,0.23810087758105647
2019-04-08,0.24152801516240482
2019-04-09,0.24345247797223202
2019-04-10,0.2420269268139597
2019-04-11,0.24533509844559484
2019-04-12,0.24054916571055845
2019-04-15,0.24319449822037773
2019-04-16,0.24194119726786872
2019-04-17,0.23923566020741016
2019-04-18,0.24123073699587536
2019-04-22,0.24581792253840845
2019-04-23,0.24618619549350365
2019-04-24,0.25424105761198473
2019-04-25,0.25653785038886023
2019-04-26,0.25602734860523885
2019-04-29,0.2607967594392777
2019-04-30,0.261519039733084
2019-05-02,0.2620742886640605
2019-05-03,0.2642739305166199
2019-05-06,0.26572220277523206
2019-05-07,0.27048261009477065
2019-05-08,0.2670664447131478
2019-05-09,0.2740597481279738
2019-05-10,0.2786375469884291
2019-05-13,0.2777361074896678
2019-05-14,0.2755339487073894
2019-05-15,0.2759672865703184
2019-05-16,0.27705035561120134
2019-05-17,0.276992004069537
2019-05-20,0.27839805210217383
2019-05-21,0.27789609676244637
2019-05-22,0.280215468969009
2019-05-23,0.28088811459045177
2019-05-24,0.2829995666314199
2019-05-27,0.2852653112114141
2019-05-28,0.2741808560856597
2019-05-29,0.27353494604370265
2019-05-30,0.2654921999876421
2019-05-31,0.2620355174222423
2019-06-03,0.26065989788002825
2019-06-04,0.26171857757729844
2019-06-05,0.2607085573024008
2019-06-06,0.25882226475059306
2019-06-07,0.25755359009960205
2019-06-10,0.26028369507808835
2019-06-11,0.2603725059769023
2019-06-12,0.2586231050889969
2019-06-13,0.26217887072124973
2019-06-14,0.2568180815369825
2019-06-17,0.2586968949046722
2019-06-18,0.25774516725552077
2019-06-19,0.2539813237219842
2019-06-21,0.24887603250799986
2019-06-24,0.2507116866552529
2019-06-25,0.2534265295699282
2019-06-26,0.25144637868828873
2019-06-27,0.2539246847511383
2019-06-28,0.24807176790662838
2019-07-01,0.2468371692757136
2019-07-02,0.24592029119848058
2019-07-03,0.24158380404623056
2019-07-04,0.2421771717344853
2019-07-05,0.24477233111247054
2019-07-08,0.23765423724132986
2019-07-10,0.2278095319323895
2019-07-11,0.23139436990339038
2019-07-12,0.23453418963343997
2019-07-15,0.23312996166832908
2019-07-16,0.23497816325886092
2019-07-17,0.23314642272837208
2019-07-18,0.23510192202508284
2019-07-19,0.23351773157074301
2019-07-22,0.23551743585315946
2019-07-23,0.2326382712140451
2019-07-24,0.23148629153614633
2019-07-25,0.22895895508353972
2019-07-26,0.2289506673642831
2019-07-29,0.22711468590608222
2019-07-30,0.2284190597329896
2019-07-31,0.2247163066413876
2019-08-01,0.22132942991725904
2019-08-02,0.21925682990056702
2019-08-05,0.2230456803484582
2019-08-06,0.22007231085671997
2019-08-07,0.2192243330604325
2019-08-08,0.21637628538090073
2019-08-09,0.21716609361380357
2019-08-12,0.21522718730457516
2019-08-13,0.21536234815133956
2019-08-14,0.2153793308372823
2019-08-15,0.21166844474400623
2019-08-16,0.21008320026016464
2019-08-19,0.21584323870730485
2019-08-20,0.21587533360084926
2019-08-21,0.21165620934059268
2019-08-22,0.20957967283863974
2019-08-23,0.2082351669823195
2019-08-26,0.20715224858224973
2019-08-27,0.20705845316731508
2019-08-28,0.20800768713806034
2019-08-29,0.20473531316871516
2019-08-30,0.20303310387218867
2019-09-02,0.2014078316610869
2019-09-03,0.20014494080365416
2019-09-04,0.2015526648024053
2019-09-05,0.2037981018562853
2019-09-06,0.20481346734541014
2019-09-09,0.19948827053989127
2019-09-10,0.19937568857969956
2019-09-11,0.20460442574529503
2019-09-12,0.2078420652535459
2019-09-13,0.2116947240988507
2019-09-16,0.20766321418835224
2019-09-17,0.20868379280896876
2019-09-18,0.21118317734530154
2019-09-19,0.2225592071889066
2019-09-20,0.22125190888864038
2019-09-23,0.2212889951224642
2019-09-24,0.2255860160463846
2019-09-25,0.2265291270367635
2019-09-26,0.23078156681368514
2019-09-27,0.2367504778611473
2019-09-30,0.23317089742851632
2019-10-01,0.23837501305591768
2019-10-02,0.23247682511084033
2019-10-03,0.23362769997867872
2019-10-04,0.23643930958701598
2019-10-07,0.23385737931152437
2019-10-08,0.23564401173419294
2019-10-09,0.23613153819783275
2019-10-10,0.23448265883394018
2019-10-11,0.23726691813661205
2019-10-14,0.23737431859952376
2019-10-15,0.23791277281224507
2019-10-16,0.23777115169480614
2019-10-17,0.24190116255411062
2019-10-18,0.2454551950813038
2019-10-21,0.24513835481989366
2019-10-22,0.24748180506705328
2019-10-23,0.24820203663903193
2019-10-24,0.24865496179974386
2019-10-25,0.24629652647535688
2019-10-28,0.250044148756692
2019-10-29,0.24766992725349296
2019-10-30,0.2469935624357479
2019-10-31,0.24580932784972406
2019-11-01,0.24483282141921334
2019-11-04,0.24187222057782246
2019-11-05,0.24209297258617038
2019-11-06,0.24592370054964463
2019-11-07,0.24730174708945984
2019-11-08,0.2442080459043256
2019-11-11,0.24637281694039362
2019-11-12,0.24760071579931986
2019-11-13,0.24770559985523846
2019-11-14,0.2434935737864041
2019-11-18,0.2430054191344187
2019-11-19,0.24809219083615383
2019-11-21,0.2405805253844315
2019-11-22,0.24090086799796182
2019-11-25,0.23838859279688016
2019-11-26,0.23403818208921892
2019-11-27,0.22646932849224566
2019-11-28,0.2281980843132183
2019-11-29,0.2305924126008617
2019-12-02,0.2223983859610854
2019-12-03,0.25775369294648776
2019-12-04,0.25083852235211923
2019-12-05,0.2500042580913266
2019-12-06,0.266710408632727
2019-12-09,0.27419509165577166
2019-12-10,0.29216885681428356
2019-12-11,0.28832910010101254
2019-12-12,0.2966030554984644
2019-12-13,0.2842457690484744
2019-12-16,0.287735839659779
2019-12-17,0.28953545639870903
2019-12-18,0.2842929302706985
2019-12-19,0.28999264237420724
2019-12-20,0.28093939188244116
2019-12-23,0.27700203289914055
2019-12-26,0.30911729923252584
2019-12-27,0.3067100507366115
2019-12-30,0.2828787925020809
2020-01-02,0.27849179246154726
2020-01-03,0.27274578414226586
2020-01-06,0.2684050387136439
2020-01-07,0.2674181921306696
2020-01-08,0.2735216741129062
2020-01-09,0.2632733871621422
2020-01-10,0.26355479331924914
2020-01-13,0.2613794407824918
2020-01-14,0.26277739039809755
2020-01-15,0.261814171513105
2020-01-16,0.25448019184644244
2020-01-17,0.24572248621122558
2020-01-20,0.25775227196007333
2020-01-21,0.26700670252558517
2020-01-22,0.2174058698494897
2020-01-23,0.20685557565360624
2020-01-24,0.20368623608249803
2020-01-27,0.20398091408701235
2020-01-28,0.19885480956286056
2020-01-29,0.2016771012572096
2020-01-30,0.2001857753834637
2020-01-31,0.20184997093599286
2020-02-03,0.207384367752931
2020-02-04,0.21573073777138138
2020-02-05,0.21766745965606502
2020-02-06,0.21479994824940377
2020-02-07,0.1911698291671099
2020-02-10,0.1862611189359804
2020-02-11,0.1886690067448046
2020-02-12,0.18047482063252682
2020-02-13,0.1789759594175179
2020-02-14,0.17172830503098663
2020-02-17,0.17347108193617816
2020-02-18,0.17813338276890409
2020-02-19,0.1757278732278165
2020-02-20,0.17749051296781762
2020-02-21,0.1768407826709173
2020-02-26,0.17226457661782854
2020-02-27,0.1690775167845458
2020-02-28,0.1733271568763019
2020-03-02,0.16728649369597362
2020-03-03,0.16531986466308915
2020-03-04,0.15837001276388296
2020-03-05,0.1523258256962603
2020-03-06,0.1514801825998714
2020-03-09,0.15031159489899523
2020-03-10,0.15214152407870596
2020-03-11,0.1545675912591234
2020-03-12,0.1563611082223818
2020-03-13,0.15860286657916162
2020-03-16,0.1599297634972637
2020-03-17,0.15943359382637018
2020-03-18,0.15522369787437743
2020-03-19,0.14959768304626206
2020-03-20,0.15049947541713804
2020-03-23,0.15129282100612962
2020-03-24,0.1493628695503853
2020-03-25,0.14377705972940338
2020-03-26,0.1378151337552108
2020-03-27,0.13478914086688004
2020-03-30,0.12927814734620027
2020-03-31,0.1256038946678131
2020-04-01,0.12458851082300758
2020-04-02,0.12473761330434802
2020-04-03,0.12555861152344797
2020-04-06,0.12706684443471475
2020-04-07,0.1272345044413883
2020-04-08,0.12920597091571587
2020-04-09,0.1314427801321935
2020-04-13,0.13365627055403193
2020-04-14,0.13441306765677774
2020-04-15,0.1362721496865256
2020-04-16,0.13746001228436452
2020-04-17,0.14117669235817146
2020-04-20,0.14425457284989063
2020-04-22,0.14679127010799492
2020-04-23,0.14979533695771646
2020-04-24,0.15129140317683845
2020-04-27,0.15777264040261368
2020-04-28,0.15901338463455894
2020-04-29,0.1586783761176978
2020-04-30,0.1595056744513849
2020-05-04,0.16334801349626443
2020-05-05,0.16319628131270805
2020-05-06,0.1658592206518536
2020-05-07,0.16581476719175428
2020-05-08,0.17204763908939752
2020-05-11,0.17251593291338177
2020-05-12,0.17598544999880225
2020-05-13,0.1818084590439522
2020-05-14,0.18059712966479524
2020-05-15,0.1792158091315608
2020-05-18,0.1783787960821167
2020-05-19,0.17643909981561118
2020-05-20,0.17277121369146572
2020-05-21,0.16956642129440844
2020-05-22,0.16651435531722686
2020-05-25,0.1663321623558928
2020-05-26,0.16556415607280225
2020-05-27,0.1752184637348649
2020-05-28,0.1756597475076501
2020-05-29,0.1717647912836036
2020-06-01,0.16914332703369397
2020-06-02,0.14691245825131202
2020-06-03,0.14362704738374935
2020-06-04,0.14487655764202922
2020-06-05,0.14209595119553745
2020-06-08,0.14188756543021955
2020-06-09,0.141577739586654
2020-06-10,0.14201908596329957
2020-06-12,0.13867229367298034
2020-06-15,0.14031025360429691
2020-06-16,0.13952941596135834
2020-06-17,0.13548274187411566
2020-06-18,0.1301075271200296
2020-06-19,0.1276153535679197
2020-06-22,0.12855904867148565
2020-06-23,0.12857755259320156
2020-06-24,0.12745595175898983
2020-06-25,0.12901274798971074
2020-06-26,0.12728883951365852
2020-06-29,0.1276152946688947
2020-06-30,0.12734159455557384
2020-07-01,0.12818626439593261
2020-07-02,0.1283464958473766
2020-07-03,0.13199433410552264
2020-07-06,0.13220604201694877
2020-07-07,0.1321285066190056
2020-07-08,0.13368039472557833
2020-07-09,0.13382403305178756
2020-07-10,0.13480567242565641
2020-07-13,0.13779128137642133
2020-07-14,0.1374296098614417
2020-07-15,0.13957153785007362
2020-07-16,0.14369595636044105
2020-07-17,0.1425259011831403
2020-07-20,0.14709233538908037
2020-07-21,0.14667137682466946
2020-07-22,0.14551474390326394
2020-07-23,0.1494691452893465
2020-07-24,0.15173485664352357
2020-07-27,0.1510971931035708
2020-07-28,0.15308494208319598
2020-07-29,0.15335577318526006
2020-07-30,0.15419623173239103
2020-07-31,0.15358356664835243
2020-08-03,0.15153136731095662
2020-08-04,0.149798260026343
2020-08-05,0.15317282473896868
2020-08-06,0.15028219330917977
2020-08-07,0.14919014673285344
2020-08-10,0.1475073490568191
2020-08-11,0.14781021767948127
2020-08-12,0.14821390089947584
2020-08-13,0.1507126682850746
2020-08-14,0.1489866087696165
2020-08-17,0.151043348816726
2020-08-18,0.1502193102236339
2020-08-19,0.1501509427447135
2020-08-20,0.15079643049082883
2020-08-21,0.15041894061426728
2020-08-24,0.15230858802176406
2020-08-25,0.1524995038972858
2020-08-26,0.14967005180153636
2020-08-27,0.15195906112875038
2020-08-28,0.15327062167410416
2020-08-31,0.15368537689645467
2020-09-01,0.15393742607966773
2020-09-02,0.15387384984735322
2020-09-03,0.15060214150161205
2020-09-04,0.1490646935220378
2020-09-08,0.15081314129851717
2020-09-09,0.15183195540846667
2020-09-10,0.15193310169866808
2020-09-11,0.15166734689929723
2020-09-14,0.15700627208763082
2020-09-15,0.16247177013568495
2020-09-16,0.16680301974191328
2020-09-17,0.16814583989962448
2020-09-18,0.16910879842095763
2020-09-21,0.17516453540282065
2020-09-22,0.18030268372011002
2020-09-23,0.17856041916406412
2020-09-24,0.18300036867456881
2020-09-25,0.18552372072266937
2020-09-28,0.18488000277229302
2020-09-29,0.18665055017206525
2020-09-30,0.18761898169903282
2020-10-01,0.18643121267259752
2020-10-02,0.18847336041944013
2020-10-05,0.18754989113401271
2020-10-06,0.1870995953909058
2020-10-07,0.1837125107542581
2020-10-08,0.17930113095405173
2020-10-09,0.17594737325079474
2020-10-13,0.1759224747025072
2020-10-14,0.17836710383553858
2020-10-15,0.17979080915303872
2020-10-16,0.17997498852241586
2020-10-19,0.1795442659884719
2020-10-20,0.1817068320359831
2020-10-21,0.1834189040895085
2020-10-22,0.1811416605992654
2020-10-23,0.1814041057001688
2020-10-26,0.18036260427133666
2020-10-27,0.1823893514671494
2020-10-28,0.18169661160161493
2020-10-29,0.17769970580598562
2020-10-30,0.17714433948158653
2020-11-03,0.1784897649803185
2020-11-04,0.1796245049428224
2020-11-05,0.18023450582911282
2020-11-06,0.18215213883013398
2020-11-09,0.17508694463497604
2020-11-10,0.17188060240087735
2020-11-11,0.17655632359826617
2020-11-12,0.17391971906963574
2020-11-13,0.17309887066589524
2020-11-16,0.16773511919297754
2020-11-17,0.16802160316372045
2020-11-18,0.16361986886412805
2020-11-19,0.1636526338950253
2020-11-20,0.16086073782885013
2020-11-23,0.1617991610445229
2020-11-24,0.177529113015774
2020-11-25,0.17418938812295015
2020-11-26,0.17656161466135542
2020-11-27,0.17461649885799005
2020-11-30,0.16708646363802576
2020-12-01,0.16427258687723822
2020-12-02,0.15326935317639237
2020-12-03,0.1486744862006333
2020-12-04,0.1452221052088483
2020-12-07,0.14463142194168715
2020-12-08,0.14387034243674374
2020-12-09,0.1430348030591645
2020-12-10,0.15060507130257586
2020-12-11,0.15810506981137848
2020-12-14,0.16057020076932213
2020-12-15,0.16131243596338518
2020-12-16,0.16272542467650597
2020-12-17,0.16623616705310817
2020-12-18,0.1682764053390815
2020-12-21,0.17515717276595424
2020-12-22,0.187922222583825
2020-12-23,0.1861846810744158
2020-12-28,0.16700058353948247
2020-12-29,0.16661343713695392
2020-12-30,0.16220516819810202
2021-01-04,0.16136112085337845
2021-01-05,0.1633488949584998
2021-01-06,0.1639352070390977
2021-01-07,0.16312673655136714
2021-01-08,0.16417619287552448
2021-01-11,0.16413827072676548
2021-01-12,0.16734576909047916
2021-01-13,0.16492881366779133
2021-01-14,0.1657015526218221
2021-01-15,0.16898267823750346
2021-01-18,0.17214528399780413
2021-01-19,0.1732972211311904
2021-01-20,0.17480292918247203
2021-01-21,0.17492830308927684
2021-01-22,0.173310772977534
2021-01-26,0.17371608619646062
2021-01-27,0.17399244916709325
2021-01-28,0.18128582907991964
2021-01-29,0.1829638716671384
2021-02-01,0.18215770335546233
2021-02-02,0.17851273250610322
2021-02-03,0.1789216392342196
2021-02-04,0.18139516552999377
2021-02-05,0.18264034053749797
2021-02-08,0.18282340835703215
2021-02-09,0.17918955757810556
2021-02-10,0.17609698226531786
2021-02-11,0.1756007592243745
2021-02-12,0.17383722039627442
2021-02-17,0.17469509954108442
2021-02-18,0.1756326503437693
2021-02-19,0.17602952073530512
2021-02-22,0.17349315985834665
2021-02-23,0.17804512928618565
2021-02-24,0.18313199853994672
2021-02-25,0.18511661858780012
2021-02-26,0.17939526266796876
2021-03-01,0.18126973779989516
2021-03-02,0.17927773833350058
2021-03-03,0.17538112288790403
2021-03-04,0.17244268465481188
2021-03-05,0.16719844883103546
2021-03-08,0.16684423917025387
2021-03-09,0.16426718853913125
2021-03-10,0.16041994622867953
2021-03-11,0.16150646829214707
2021-03-12,0.16486283122046372
2021-03-15,0.17571530548079115
2021-03-16,0.17590064810719958
2021-03-17,0.1783397851902142
2021-03-18,0.18322087053116787
2021-03-19,0.1873052249755823
2021-03-22,0.19148863852703477
2021-03-23,0.1894193364868764
2021-03-24,0.1839858345758132
2021-03-25,0.1818018787778236
2021-03-26,0.17783124881435525
2021-03-29,0.17829421937359055
2021-03-30,0.17968203518371165
2021-03-31,0.17811623964923398
2021-04-01,0.1792630543733584
2021-04-05,0.18052647998845317
2021-04-06,0.18695215356834202
2021-04-07,0.18841313680775917
2021-04-08,0.1890851033118971
2021-04-09,0.19133169934810268
2021-04-12,0.1966959159689679
2021-04-13,0.1991975581464486
2021-04-14,0.20586973109043255
2021-04-15,0.21055452599362834
2021-04-16,0.2118156279260978
2021-04-19,0.2132639524510507
2021-04-20,0.22013032380614875
2021-04-22,0.2249761420959087
2021-04-23,0.23126839881271008
2021-04-26,0.22972191108547899
2021-04-27,0.22772557420806738
2021-04-28,0.22466902354259746
2021-04-29,0.22060738912992767
2021-04-30,0.21663025100746178
2021-05-03,0.2161511960279658
2021-05-04,0.2306125875102162
2021-05-05,0.23162564350338216
2021-05-06,0.22799734045618036
2021-05-07,0.23170192289165753
2021-05-10,0.22850875153783198
2021-05-11,0.2308345090441437
2021-05-12,0.23061842058688506
2021-05-13,0.22877551120098288
2021-05-14,0.22684902199324058
2021-05-17,0.2256506535149666
2021-05-18,0.2267992380700658
2021-05-19,0.22825338247911675
2021-05-20,0.2332327307620989
2021-05-21,0.23067839702705162
2021-05-24,0.2356787754535866
2021-05-25,0.23257401018043058
2021-05-26,0.2281476791170371
2021-05-27,0.21890020587566933
2021-05-28,0.22038593497386927
2021-05-31,0.2207140256385504
2021-06-01,0.21855712952141715
2021-06-02,0.21664812547679835
2021-06-04,0.22328514088172371
2021-06-07,0.22366828645813308
2021-06-08,0.21933601277411305
2021-06-09,0.2156084309121526
2021-06-10,0.218677573253505
2021-06-11,0.21448048232456224
2021-06-14,0.2215220818787545
2021-06-15,0.22264705560657475
2021-06-16,0.21965826881963313
2021-06-17,0.2221699770206216
2021-06-18,0.222055651756601
2021-06-21,0.22305566273634855
2021-06-22,0.21898471090535085
2021-06-23,0.2179977882481165
2021-06-24,0.22077922835218516
2021-06-25,0.2157050680905238
2021-06-28,0.21398391873127418
2021-06-29,0.21778174675203932
2021-06-30,0.21554497382445104
2021-07-01,0.21386484113255988
2021-07-02,0.21475315824046443
2021-07-05,0.21601246775688607
2021-07-06,0.21051431392702893
2021-07-07,0.21371623232510534
2021-07-08,0.21337412221167443
2021-07-12,0.2195992746394739
2021-07-13,0.2194238435060229
2021-07-14,0.21427199430724664
2021-07-15,0.22142730056552917
2021-07-16,0.22847538167986256
2021-07-19,0.2321152218384429
2021-07-20,0.23380078915149885
2021-07-21,0.24098782012329167
2021-07-22,0.24261029903620104
2021-07-23,0.24528751222894318
2021-07-26,0.24706619526363072
2021-07-27,0.24666682815111912
2021-07-28,0.2462882806731913
2021-07-29,0.2507278056466428
2021-07-30,0.24997861951639885
2021-08-02,0.2562498492952906
2021-08-03,0.2528781316008463
2021-08-04,0.2548145906266564
2021-08-05,0.251176486229506
2021-08-06,0.25178788224796445
2021-08-09,0.25076266789661417
2021-08-10,0.2587840352104326
2021-08-11,0.2592079600618806
2021-08-12,0.2576327131768824
2021-08-13,0.2596625228712524
2021-08-16,0.2620415360562162
2021-08-17,0.26244992245085025
2021-08-18,0.26608419240106684
2021-08-19,0.266817688872005
2021-08-20,0.26687745861144296
2021-08-23,0.2620840999737803
2021-08-24,0.25488429179654526
2021-08-25,0.25489576309656137
2021-08-26,0.2528822540922839
2021-08-27,0.25429862045169827
2021-08-30,0.25711012511966713
2021-08-31,0.25147305707585965
2021-09-01,0.2558101875017108
2021-09-02,0.2559144532171393
2021-09-03,0.24968523081496763
2021-09-06,0.24913488111390603
2021-09-08,0.24353468141220122
2021-09-09,0.24226208485184378
2021-09-10,0.2449831673232422
2021-09-13,0.24999998863037537
2021-09-14,0.25502053561400556
2021-09-15,0.25812434693887376
2021-09-16,0.26229260246940633
2021-09-17,0.2635619956620113
2021-09-20,0.2650477432913267
2021-09-21,0.26499660398575287
2021-09-22,0.2606883229952954
2021-09-23,0.2535263779563861
2021-09-24,0.256997611990486
2021-09-27,0.2582131500510948
2021-09-28,0.2619321374322443
2021-09-29,0.26329039112123365
2021-09-30,0.26239080575324336
2021-10-01,0.26560980369527576
2021-10-04,0.26392262152094703
2021-10-05,0.2677371396248822
2021-10-06,0.26306294547910136
2021-10-07,0.258405426093768
2021-10-08,0.25649985004375103
2021-10-11,0.255301986459733
2021-10-13,0.2504144948072581
2021-10-14,0.2512264642460749
2021-10-15,0.2478047271829456
2021-10-18,0.24927801665426222
2021-10-19,0.2515609930050138
2021-10-20,0.24686773033824078
2021-10-21,0.25019799238285634
2021-10-22,0.2475635943380828
2021-10-25,0.25573014696549023
2021-10-26,0.2592656137094313
2021-10-27,0.26119211487007105
2021-10-28,0.2585398706541725
2021-10-29,0.2573339014525102
2021-11-01,0.26035591152859044
2021-11-03,0.25971866881665784
2021-11-04,0.2596742722463639
2021-11-05,0.2594529923638459
2021-11-08,0.2578517518365749
2021-11-09,0.25733706433617576
2021-11-10,0.25320880961952746
2021-11-11,0.25401156724201945
2021-11-12,0.2529191515715554
2021-11-16,0.25410606532444063
2021-11-17,0.25172748229997727
2021-11-18,0.2557257958471115
2021-11-19,0.2560714051887642
2021-11-22,0.2603343880020637
2021-11-23,0.2573181745208098
2021-11-24,0.26035617495803887
2021-11-25,0.25929479268351807
2021-11-26,0.2578163027279047
2021-11-29,0.25596611614931275
2021-11-30,0.24834239169766043
2021-12-01,0.24775330344189656
2021-12-02,0.24444538706796626
2021-12-03,0.2444658795526526
2021-12-06,0.24510479110378663
2021-12-07,0.24856796509366866
2021-12-08,0.24760615288668947
2021-12-09,0.2482169363889438
2021-12-10,0.2503610518020825
2021-12-13,0.2513289106591755
2021-12-14,0.25422698573460345
2021-12-15,0.2540031011701835
2021-12-16,0.2608995195355148
2021-12-17,0.2602671237711661
2021-12-20,0.26796441881493316
2021-12-21,0.2720356607879202
2021-12-22,0.27936176829959203
2021-12-23,0.28804113058023423
2021-12-27,0.297572810723549
2021-12-28,0.3023546928448665
2021-12-29,0.30605950777702373
2021-12-30,0.3044441551733489
2022-01-03,0.3049420251145316
2022-01-04,0.3073554032897859
2022-01-05,0.3117277750245501
2022-01-06,0.3120530822507009
2022-01-07,0.31682122106924465
2022-01-10,0.3177870045627857
2022-01-11,0.3182311032033661
2022-01-12,0.3184358583209089
2022-01-13,0.329317433732111
2022-01-14,0.33044577318262497
2022-01-17,0.3363549967585431
2022-01-18,0.3416776367586434
2022-01-19,0.3398587092578383
2022-01-20,0.34311932417457713
2022-01-21,0.3377374174858179
2022-01-24,0.33379979077958916
2022-01-25,0.3283286641161881
2022-01-26,0.3186403926332122
2022-01-27,0.3208159691519387
2022-01-28,0.3270740626099787
2022-01-31,0.3285952720953277
2022-02-01,0.3272654943677632
2022-02-02,0.32869741505768235
2022-02-03,0.3268729607530721
2022-02-04,0.32475444987708246
2022-02-07,0.32416794525765974
2022-02-08,0.3224577108062753
2022-02-09,0.3145365052206008
2022-02-10,0.31179118758658103
2022-02-11,0.292686980573253
2022-02-14,0.29890691966229427
2022-02-15,0.3199094869973096
2022-02-16,0.31733729091854734
2022-02-17,0.2875797542060196
2022-02-18,0.2800885942099367
2022-02-21,0.28076608890580296
2022-02-22,0.2708051252068715
2022-02-23,0.2681847478831021
2022-02-24,0.26245044119519084
2022-02-25,0.25650230191805495
2022-03-02,0.2541886963122553
2022-03-03,0.2501537181222737
2022-03-04,0.24211791059571205
2022-03-07,0.2390676951828163
2022-03-08,0.23782797992375385
2022-03-09,0.2387240589852744
2022-03-10,0.23600725880095622
2022-03-11,0.23550926845795775
2022-03-14,0.2428822546743841
2022-03-15,0.243143181275615
2022-03-16,0.2464229886732773
2022-03-17,0.2451533449269205
2022-03-18,0.24063130938700464
2022-03-21,0.2514884207092344
2022-03-22,0.24224266763307215
2022-03-23,0.23998679443182608
2022-03-24,0.2355557290677562
2022-03-25,0.24014221496178717
2022-03-28,0.24370606532626354
2022-03-29,0.24324571366607156
2022-03-30,0.2413998349761711
2022-03-31,0.24003440970422696
2022-04-01,0.2366090778311064
2022-04-04,0.24117985589814123
2022-04-05,0.23895506901803443
2022-04-06,0.2339431176724609
2022-04-07,0.2345489717998527
2022-04-08,0.23061701666448742
2022-04-11,0.2346341508326503
2022-04-12,0.24416941678071669
2022-04-13,0.2477911308151622
2022-04-14,0.25208597245145925
2022-04-18,0.25491193288618397
2022-04-19,0.26257446083349856
2022-04-20,0.27272300641781644
2022-04-22,0.2697529812650326
2022-04-25,0.27578606926685884
2022-04-26,0.278016161920515
2022-04-27,0.28350664676475273
2022-04-28,0.28289625093850496
2022-04-29,0.2842603790776618
2022-05-02,0.28726591842674676
2022-05-03,0.30199315990857156
2022-05-04,0.30387280474730616
2022-05-05,0.2994522211284626
2022-05-06,0.2976530037230428
2022-05-09,0.30027685856241176
2022-05-10,0.30769627860742654
2022-05-11,0.3037578286588339
2022-05-12,0.3079767005825685
2022-05-13,0.3080433698658381
2022-05-16,0.3070572612295358
2022-05-17,0.30813477083715735
2022-05-18,0.30830481705333596
2022-05-19,0.31364896349888816
2022-05-20,0.3127635576483474
2022-05-23,0.3121714139024879
2022-05-24,0.3051860244285958
2022-05-25,0.30517791282530526
2022-05-26,0.30734182763661455
2022-05-27,0.30889133099355853
2022-05-30,0.3154269067799046
2022-05-31,0.3013257926149083
2022-06-01,0.31507538354166204
2022-06-02,0.320267709478609
2022-06-03,0.3219565361720306
2022-06-06,0.3241812664683765
2022-06-07,0.3250876755680036
2022-06-08,0.3266241823248414
2022-06-09,0.3267930849000894
2022-06-10,0.33699788290572485
2022-06-13,0.34385808836890336
2022-06-14,0.3491638502788898
2022-06-15,0.3544916125371484
2022-06-17,0.35472447435639853
2022-06-20,0.36932539727556074
2022-06-21,0.37223201374104986
2022-06-22,0.37328814548956524
2022-06-23,0.3767459773922498
2022-06-24,0.3824658100663714
2022-06-27,0.3822534096101965
2022-06-28,0.37327132363133475
2022-06-29,0.3744673074245247
2022-06-30,0.38104082655932126
2022-07-01,0.37969000953538395
2022-07-04,0.39168125006610854
2022-07-05,0.39712600942771387
2022-07-06,0.3927944958887205
2022-07-07,0.4004411624888369
2022-07-08,0.4005127349648923
2022-07-11,0.41038173957498514
2022-07-12,0.40756138883584464
2022-07-13,0.4158604240849514
2022-07-14,0.43238237697053733
2022-07-15,0.43534314373092625
2022-07-18,0.4406151534256447
2022-07-19,0.44086594195228046
2022-07-20,0.4375888790613624
2022-07-21,0.43923538540585616
2022-07-22,0.4480691003141354
2022-07-25,0.45956407133519916
2022-07-26,0.4706594664409992
2022-07-27,0.4694570735957398
2022-07-28,0.46914265946617156
2022-07-29,0.4622915807285027
2022-08-01,0.45706356474641996
2022-08-02,0.4593580481718214
2022-08-03,0.46339331574970244
2022-08-04,0.453254688581778
2022-08-05,0.44541728450469603
2022-08-08,0.43948174081598873
2022-08-09,0.4380501219340399
2022-08-10,0.4309578608084411
2022-08-11,0.4238910047709593
2022-08-12,0.432242788574548
2022-08-15,0.41635018639332
2022-08-16,0.40732766026108164
2022-08-17,0.4087254610339612
2022-08-18,0.40421481554471844
2022-08-19,0.3957388313053225
2022-08-22,0.3976783563523802
2022-08-23,0.4052986633328416
2022-08-24,0.4080444754970033
2022-08-25,0.4006575336293498
2022-08-26,0.3978362315466776
2022-08-29,0.39757338904052614
2022-08-30,0.39595742699586084
2022-08-31,0.39142828344805514
2022-09-01,0.3935769008838063
2022-09-02,0.37952634277003383
2022-09-05,0.3842327116636817
2022-09-06,0.3665795782230171
2022-09-08,0.34767317489079563
2022-09-09,0.33749703906083545
2022-09-12,0.34231723584267
2022-09-13,0.33792586072018055
2022-09-14,0.33988320482084333
2022-09-15,0.33920732698018685
2022-09-16,0.33988841963357497
2022-09-19,0.3672750416299955
2022-09-20,0.36130185801603315
2022-09-21,0.3534931392729768
2022-09-22,0.3486298764889972
2022-09-23,0.34887729499063963
2022-09-26,0.35335624885254047
2022-09-27,0.34887652629373683
2022-09-28,0.3473451328125286
2022-09-29,0.3471438895896874
2022-09-30,0.3511360723092286
2022-10-03,0.3446870240586345
2022-10-04,0.33561287281776614
2022-10-05,0.3244683464956258
2022-10-06,0.3189592773604219
2022-10-07,0.3112219230280292
2022-10-10,0.3076994750057815
2022-10-11,0.30140511347057547
2022-10-13,0.2960831277541647
2022-10-14,0.2977414734588931
2022-10-17,0.30325699613309876
2022-10-18,0.30965383788034356
2022-10-19,0.31254079816985825
2022-10-20,0.3062327322444901
2022-10-21,0.29337008707789064
2022-10-24,0.296441691124846
2022-10-25,0.2866695115749126
2022-10-26,0.2843997722618033
2022-10-27,0.27939548370139033
2022-10-28,0.2746915944769358
2022-10-31,0.2758528456822075
2022-11-01,0.27300007976692764
2022-11-03,0.2746817640977684
2022-11-04,0.2766803120415048
2022-11-07,0.27771013269154005
2022-11-08,0.27748164217163673
2022-11-09,0.27444940414659175
2022-11-10,0.2689829578923974
2022-11-11,0.270699003749677
2022-11-14,0.27132908154589
2022-11-16,0.26375278187401685
2022-11-17,0.26406926272495923
2022-11-18,0.26583126234092314
2022-11-21,0.26938794518760845
2022-11-22,0.26692123758863323
2022-11-23,0.2659732001139611
2022-11-24,0.262080455674887
2022-11-25,0.27006962492346026
2022-11-28,0.26966968317203494
2022-11-29,0.2707975288456646
2022-11-30,0.26625577545159573
2022-12-01,0.26935870077112867
2022-12-02,0.2679544948441877
2022-12-05,0.2709001027314714
2022-12-06,0.27655206273504346
2022-12-07,0.2800267317901571
2022-12-08,0.2803489067824834
2022-12-09,0.28193192535749684
2022-12-12,0.285639401145128
2022-12-13,0.2898114256613222
2022-12-14,0.29348290776327934
2022-12-15,0.3104346954135876
2022-12-16,0.31476841585716814
2022-12-19,0.32733616362918716
2022-12-20,0.3355519003713954
2022-12-21,0.3329218324311144
2022-12-22,0.3402730133007633
2022-12-23,0.34739840641893227
2022-12-26,0.3584102726072529
2022-12-27,0.36966706379442277
2022-12-28,0.3846681502346184
2022-12-29,0.39028925397471115
2023-01-02,0.406112947639327
2023-01-03,0.40453893621523934
2023-01-04,0.41212274679033717
2023-01-05,0.414506834186941
2023-01-06,0.41384680734026336
2023-01-09,0.41333312017843193
2023-01-10,0.3463447517829531
2023-01-11,0.33891573226715993
2023-01-12,0.3442181924936753
2023-01-13,0.34337891819523436
2023-01-16,0.34422706201407716
2023-01-17,0.3403040379391639
2023-01-18,0.3403271975930374
2023-01-19,0.3349908672161048
2023-01-20,0.3296519182310296
2023-01-23,0.33116197801899727
2023-01-24,0.31426214583587386
2023-01-25,0.3206794333133541
2023-01-26,0.31628786478213905
2023-01-27,0.315291575065823
2023-01-30,0.3213222119145672
2023-01-31,0.32242231194354315
2023-02-01,0.3252857959950724
2023-02-02,0.32551073826524224
2023-02-03,0.32299064545452044
2023-02-06,0.32084590069998026
2023-02-07,0.320119798893567
2023-02-08,0.3223510787681483
2023-02-09,0.32491051472087035
2023-02-10,0.33112436512078386
2023-02-13,0.32908531287202636
2023-02-14,0.3262432787093762
2023-02-15,0.32519893884923284
2023-02-16,0.32970470780518096
2023-02-17,0.33038636966466756
2023-02-22,0.3344905639049266
2023-02-23,0.32820436163915784
2023-02-24,0.33202277645587636
2023-02-27,0.3419583372519847
2023-02-28,0.33796289678943114
2023-03-01,0.33898031208331464
2023-03-02,0.3397681296266993
2023-03-03,0.3406995156028601
2023-03-06,0.3367990827169993
2023-03-07,0.3396506634963082
2023-03-08,0.33133384796773896
2023-03-09,0.3320537229714024
2023-03-10,0.3324167788293898
2023-03-13,0.32877386495112354
2023-03-14,0.33198348200352196
2023-03-15,0.3240532811582609
2023-03-16,0.32413206019266655
2023-03-17,0.3211914365785661
2023-03-20,0.3307476526446188
2023-03-21,0.32651746285745137
2023-03-22,0.32375918089201633
2023-03-23,0.3186733706583433
2023-03-24,0.31841798412526445
2023-03-27,0.32398883198326045
2023-03-28,0.3241112709370025
2023-03-29,0.3240721011780844
2023-03-30,0.3221330319061337
2023-03-31,0.3231375633494124
2023-04-03,0.32760426836119677
2023-04-04,0.3257919380624805
2023-04-05,0.32176370670700966
2023-04-06,0.3231344381230646
2023-04-10,0.3252026094032169
2023-04-11,0.3175074810507725
2023-04-12,0.31863051935985715
2023-04-13,0.31815492277948754
2023-04-14,0.3165630650988755
2023-04-17,0.3134975702496443
2023-04-18,0.31442976447127297
2023-04-19,0.3144298342147017
2023-04-20,0.3199095914695839
2023-04-24,0.32727865950524726
2023-04-25,0.3345133039959987
2023-04-26,0.3383205836646316
2023-04-27,0.34239319556298514
2023-04-28,0.34034880224118175
2023-05-02,0.34245039143506273
2023-05-03,0.34984029136446443
2023-05-04,0.3488006415768966
2023-05-05,0.34527948042003176
2023-05-08,0.34212114584674963
2023-05-09,0.34028388907980617
2023-05-10,0.33774420289849133
2023-05-11,0.33327571083205987
2023-05-12,0.3319980611929756
2023-05-15,0.3343112525688195
2023-05-16,0.33296027623338476
2023-05-17,0.33634354529360927
2023-05-18,0.3358331970382196
2023-05-19,0.3278282240502727
2023-05-22,0.33376229615485253
2023-05-23,0.3279599024428526
2023-05-24,0.32033415080918126
2023-05-25,0.3253711904526059
2023-05-26,0.3342995804872298
2023-05-29,0.3373088164144223
2023-05-30,0.33577931808600336
2023-05-31,0.33129273753061317
2023-06-01,0.3294689462765886
2023-06-02,0.3218587334616984
2023-06-05,0.3236931888880399
2023-06-06,0.313745549468
2023-06-07,0.30978785678779336
2023-06-09,0.30805441375667686
2023-06-12,0.30176250819662626
2023-06-13,0.30096895789786965
2023-06-14,0.29528300795420837
2023-06-15,0.2961490496149326
2023-06-16,0.2913662745972095
2023-06-19,0.3000897527050266
2023-06-20,0.2863680613573205
2023-06-21,0.287862842070477
2023-06-22,0.2890303669443847
2023-06-23,0.2954346476564949
2023-06-26,0.2948180760578503
2023-06-27,0.2931950997522007
2023-06-28,0.2972895003744578
2023-06-29,0.2977450659806829
2023-06-30,0.29549187264864707
2023-07-03,0.29950424809869863
2023-07-04,0.2990706918060314
2023-07-05,0.29629738910206577
2023-07-06,0.298034505833812
2023-07-07,0.29693064488919274
2023-07-10,0.29979584208064547
2023-07-11,0.29522750881120585
2023-07-12,0.3023014766178719
2023-07-13,0.3089472028782999
2023-07-14,0.3130217321769421
2023-07-17,0.31932361742361004
2023-07-18,0.3212264839352558
2023-07-19,0.3237088488635556
2023-07-20,0.33029679388860594
2023-07-21,0.33944170127038314
2023-07-24,0.3438514024945518
2023-07-25,0.33932916813444003
2023-07-26,0.34709436255803106
2023-07-27,0.35302868815620636
2023-07-28,0.3491003627567513
2023-07-31,0.34309139689818324
2023-08-01,0.34339294997875736
2023-08-02,0.3452387953383078
2023-08-03,0.34797084611556
2023-08-04,0.3516071297247675
2023-08-07,0.35523230368822034
2023-08-08,0.3537416609762823
2023-08-09,0.35247355610497455
2023-08-10,0.35594831252092757
2023-08-11,0.3851037971237395
2023-08-14,0.3750504553238837
2023-08-15,0.3648835653887433
2023-08-16,0.3597244529829153
2023-08-17,0.35863907324415717
2023-08-18,0.35789818916863314
2023-08-21,0.3588870120386727
2023-08-22,0.35749155117087505
2023-08-23,0.3506869478781393
2023-08-24,0.3572666227815256
2023-08-25,0.35249603878816205
2023-08-28,0.3568230723677381
2023-08-29,0.3600293563071952
2023-08-30,0.3590557686021925
2023-08-31,0.3556535621497298
2023-09-01,0.35449715458412034
2023-09-04,0.35894844221814165
2023-09-05,0.35652276587400006
2023-09-06,0.3571611679795218
2023-09-08,0.3567094821583674
2023-09-11,0.35492959911166966
2023-09-12,0.3527997134215899
2023-09-13,0.3580948192525845
2023-09-14,0.35892068667080806
2023-09-15,0.3641706346122518
2023-09-18,0.3763079305830817
2023-09-19,0.3681291002299705
2023-09-20,0.36002592387248183
2023-09-21,0.35416055922321926
2023-09-22,0.3608742834725203
2023-09-25,0.36303072246367013
2023-09-26,0.36276105580054924
2023-09-27,0.3669560891414712
2023-09-28,0.37128646406985183
2023-09-29,0.37121887776909657
2023-10-02,0.37422874968990716
2023-10-03,0.37100236559627914
2023-10-04,0.37283622276047806
2023-10-05,0.37602871609701993
2023-10-06,0.3732879219302491
2023-10-09,0.3723452283248103
2023-10-10,0.3718004986745061
2023-10-11,0.3731115246227383
2023-10-13,0.36863357223145415
2023-10-16,0.37470870654998734
2023-10-17,0.37843333267258883
2023-10-18,0.37209853812328647
2023-10-19,0.37745071708406425
2023-10-20,0.37687599901191615
2023-10-23,0.3796848149340908
2023-10-24,0.37773356917483586
2023-10-25,0.37549001544568056
2023-10-26,0.37885541485636764
2023-10-27,0.38171628642288435
2023-10-30,0.3875954770700452
2023-10-31,0.3866433898948796
2023-11-01,0.3872515630408943
2023-11-03,0.37614374464417993
2023-11-06,0.3767451214363651
2023-11-07,0.36489800321047156
2023-11-08,0.36013722353172545
2023-11-09,0.35585164434023664
2023-11-10,0.3534404263302565
2023-11-13,0.3492742513177731
2023-11-14,0.34573224438104055
2023-11-16,0.3351139749450742
2023-11-17,0.3298873249560087
2023-11-20,0.322634178323513
2023-11-21,0.3120742746598884
2023-11-22,0.3126211904192279
2023-11-23,0.31214585251883964
2023-11-24,0.30886243741285396
2023-11-27,0.3091868696902119
2023-11-28,0.3063321216108121
2023-11-29,0.30687452915474656
2023-11-30,0.30237579699787326
2023-12-01,0.3093405968320396
2023-12-04,0.30955826041190737
2023-12-05,0.30834769002379414
2023-12-06,0.30747355348903355
2023-12-07,0.3061599169311486
2023-12-08,0.303661456915142
2023-12-11,0.30718946430069455
2023-12-12,0.32123718035632737
2023-12-13,0.3273375536545048
2023-12-14,0.3262421037945429
2023-12-15,0.3253964117258236
2023-12-18,0.32878745087263245
2023-12-19,0.3267910903971848
2023-12-20,0.3242442456453903
2023-12-21,0.3213892175511721
2023-12-22,0.32093157237636843
2023-12-26,0.32229378193359765
2023-12-27,0.32832329485069084
2023-12-28,0.3238193233169972
2024-01-02,0.33136988125204025
2024-01-03,0.34319870398511265
2024-01-04,0.34161679730200195
2024-01-05,0.34670508014391405
2024-01-08,0.3501645101445366
2024-01-09,0.34756215736753476
2024-01-10,0.34964938154708186
2024-01-11,0.3535598439942687
2024-01-12,0.35096599300755266
2024-01-15,0.355390084217687
2024-01-16,0.35989227074992725
2024-01-17,0.3666059098921665
2024-01-18,0.3668228014651653
2024-01-19,0.36985432996500295
2024-01-22,0.38033252815241547
2024-01-23,0.36657092099182453
2024-01-24,0.3637795599920829
2024-01-25,0.36414264625620446
2024-01-26,0.3596914581368278
2024-01-29,0.36783398053320526
2024-01-30,0.3803521355773527
2024-01-31,0.38288198310317256
2024-02-01,0.3814997894889901
2024-02-02,0.3877127324360828
2024-02-05,0.39229529780859046
2024-02-06,0.3918576586834891
2024-02-07,0.3951367603154894
2024-02-08,0.38445819211684934
2024-02-09,0.37952101690945494
2024-02-14,0.3800505744259221
2024-02-15,0.37503537166794093
2024-02-16,0.3701695250834916
2024-02-19,0.37378622730777455
2024-02-20,0.37086921037038795
2024-02-21,0.36549953395334733
2024-02-22,0.3623341735958006
2024-02-23,0.36030383877918576
2024-02-26,0.3627171854865842
2024-02-27,0.36235848261757303
2024-02-28,0.35824953789369823
2024-02-29,0.3538517562842693
2024-03-01,0.35465018161230527
2024-03-04,0.3531684134292003
2024-03-05,0.3532414562366914
2024-03-06,0.35395204912902867
2024-03-07,0.3522429023614312
2024-03-08,0.3430057839976443
2024-03-11,0.3453141613636039
2024-03-12,0.33889133789479564
2024-03-13,0.3341846059686733
2024-03-14,0.3379802672692856
2024-03-15,0.33680523898718706
2024-03-18,0.3507363680711121
2024-03-19,0.3563560470681869
2024-03-20,0.34800614929901236
2024-03-21,0.34935712549413606
2024-03-22,0.3477369850684129
2024-03-25,0.35797200304195376
2024-03-26,0.36193533213525214
2024-03-27,0.35910078530516365
2024-03-28,0.36005645258788294
2024-04-01,0.35606268481154935
2024-04-02,0.3533841470337614
2024-04-03,0.3570555518182942
2024-04-04,0.35521794241235644
2024-04-05,0.3564170901190309
2024-04-08,0.3663208385923025
2024-04-09,0.3666161922795301
2024-04-10,0.36519609143515536
2024-04-11,0.37323370778276366
2024-04-12,0.3975024209988687
2024-04-15,0.41400908649469137
2024-04-16,0.40940745911278403
2024-04-17,0.41638452413270893
2024-04-18,0.42039744204992646
2024-04-19,0.4061468782396797
2024-04-22,0.41571460601955496
2024-04-23,0.4087696690327528
2024-04-24,0.39703311474609027
2024-04-25,0.39270309165016937
2024-04-26,0.38679441277260473
2024-04-29,0.39353214096117073
2024-04-30,0.39172540418613494
2024-05-02,0.3913831891180994
2024-05-03,0.39276158335239825
2024-05-06,0.3941551867990521
2024-05-07,0.39221497497108365
2024-05-08,0.39402815120792534
2024-05-09,0.39470347481145
2024-05-10,0.4042820897484936
2024-05-13,0.4104625893470475
2024-05-14,0.407530501311265
2024-05-15,0.4000950574347628
2024-05-16,0.40018276819300636
2024-05-17,0.40698937421560044
2024-05-20,0.4102400949548472
2024-05-21,0.40596024513355816
2024-05-22,0.39689010092813937
2024-05-23,0.4015086223568917
2024-05-24,0.402175728802093
2024-05-27,0.40524881975991345
2024-05-28,0.39203738110933123
2024-05-29,0.3996642244693338
2024-05-31,0.3956428535767007
2024-06-03,0.40363589264019045
2024-06-04,0.40479294287023165
2024-06-05,0.4070748852698861
2024-06-06,0.4081868643512349
2024-06-07,0.41474278493942934
2024-06-10,0.42543895303751267
2024-06-11,0.430012531470362
2024-06-12,0.42435884047331524
2024-06-13,0.42872878847418755
2024-06-14,0.4375572897867006
2024-06-17,0.4439875780701672
2024-06-18,0.43518516391148876
2024-06-19,0.4419245730775923
2024-06-20,0.4413526291324018
2024-06-21,0.44107713269357496
2024-06-24,0.4513427680177424
2024-06-25,0.43291860672284516
2024-06-26,0.43416771675697674
2024-06-27,0.3170730199608639
2024-06-28,0.4340342215547541
2024-07-01,0.4389080509119414
2024-07-02,0.4404827590093124
2024-07-03,0.4400127660740621
2024-07-04,0.4427560235055374
2024-07-05,0.442494101128758
2024-07-08,0.4408468703607214
2024-07-09,0.43662248509950935
2024-07-10,0.43178200165478736
2024-07-11,0.43201147614307367
2024-07-12,0.4487418897922115
2024-07-15,0.451035266161166
2024-07-16,0.45417442476841136
2024-07-17,0.458802788770844
2024-07-18,0.4560778948436858
2024-07-19,0.4645640628771211
2024-07-22,0.4709035833351921
2024-07-23,0.4689896579248457
2024-07-24,0.4714846822219723
2024-07-25,0.47273767206299905
2024-07-26,0.4662744229123061
2024-07-29,0.46674782776663387
2024-07-30,0.4737959538655934
2024-07-31,0.46058737901173563
2024-08-01,0.4561365471729481
2024-08-02,0.46379038063541933
2024-08-05,0.46242613371577473
2024-08-06,0.4572186728018672
2024-08-07,0.4533881816389906
2024-08-08,0.450788758832953
2024-08-09,0.44974709775473853
2024-08-12,0.4455674168559299
2024-08-13,0.4399180497412394
2024-08-14,0.4300428008897789
2024-08-15,0.43604177763494556
2024-08-16,0.42982502537142414
2024-08-19,0.4301236551568537
2024-08-20,0.41511704426666945
2024-08-21,0.41189265867199204
2024-08-22,0.4087118171098649
2024-08-23,0.4005732270385376
2024-08-26,0.39549562204122446
2024-08-27,0.39006457102498393
2024-08-28,0.38498803542545446
2024-08-29,0.385368931143858
2024-08-30,0.3689655662905568
2024-09-02,0.3741570599913213
2024-09-03,0.3702078464322255
2024-09-04,0.37424779222636195
2024-09-05,0.3713840332603871
2024-09-06,0.3676267290469911
2024-09-09,0.36584822922836135
2024-09-10,0.3682174626596693
2024-09-11,0.37137994046952294
2024-09-12,0.37503003384682315
2024-09-13,0.3767008907779826
2024-09-16,0.37937770707704244
2024-09-17,0.37866362784111957
2024-09-18,0.3821219965838839
2024-09-19,0.382855827199779
2024-09-20,0.3799569053908272
2024-09-23,0.3872499314008112
2024-09-24,0.3867420169498971
2024-09-25,0.38109661214628715
2024-09-26,0.38561908811527174
2024-09-27,0.38616926080778935
2024-09-30,0.3934861151332441
2024-10-01,0.3916970305045862
2024-10-02,0.3958370178074809
2024-10-03,0.3987794441469397
2024-10-04,0.40586524136854224
2024-10-07,0.40751863705139546
2024-10-08,0.4067906437992734
2024-10-09,0.4085947997199571
2024-10-10,0.4143567872924048
2024-10-11,0.43087976501112846
2024-10-14,0.42352324087318677
2024-10-15,0.42332782144285425
2024-10-16,0.42240198180077065
2024-10-17,0.434607019876174
2024-10-18,0.4286528731821624
2024-10-21,0.43380820037036194
2024-10-22,0.4286914021244409
2024-10-23,0.42949337069063526
2024-10-24,0.43021869887047515
2024-10-25,0.4288361749105867
2024-10-28,0.42929443381677
2024-10-29,0.4287622742711755
2024-10-30,0.433904742104823
2024-10-31,0.4403353190628493
2024-11-01,0.44850020653361256
2024-11-04,0.45677394228383444
2024-11-05,0.45382225924533226
2024-11-06,0.44896634532764396
2024-11-07,0.44622279233451423
2024-11-08,0.4465078085742985
2024-11-11,0.4498717311715507
2024-11-12,0.4532604292608937
2024-11-13,0.4519368369733895
2024-11-14,0.45649832615182906
2024-11-18,0.4649534514335812
2024-11-19,0.45976566631219684
2024-11-21,0.4553744929032277
2024-11-22,0.4578547242220779
2024-11-25,0.45066574975689294
2024-11-26,0.4442729648530574
2024-11-27,0.43165007399574473
2024-11-28,0.4255034639552413
2024-11-29,0.41840361832835715
2024-12-02,0.414642719361163
2024-12-03,0.41751287501598955
2024-12-04,0.4148393557844645
2024-12-05,0.41122853746987104
2024-12-06,0.41079770368554563
2024-12-09,0.4108544992439135
2024-12-10,0.4068658168152098
2024-12-11,0.3951010218179988
2024-12-12,0.3899949962847306
2024-12-13,0.3956904071629563
2024-12-16,0.39894315861323515
2024-12-17,0.393076892750954
2024-12-18,0.3906198279568228
2024-12-19,0.3847170836917194
2024-12-20,0.3768314412192608
2024-12-23,0.3855893643768385
2024-12-26,0.3889567423286152
2024-12-27,0.3893805450028397
2024-12-30,0.3873588803319677
2025-01-02,0.3954429251622138
2025-01-03,0.40145596179070253
2025-01-06,0.4101591653294644
2025-01-07,0.4089687788082197
2025-01-08,0.4105650373821959
2025-01-09,0.4136551983290184
2025-01-10,0.4198407639043497
2025-01-13,0.4206718713118038
2025-01-14,0.4320972378783687
2025-01-15,0.4320786297698965
2025-01-16,0.4371276346315285
2025-01-17,0.4425823332733934
2025-01-20,0.46090876814990983
2025-01-21,0.4662115202637015
2025-01-22,0.46552751505013495
2025-01-23,0.47050856391923945
2025-01-24,0.47094928134951564
2025-01-27,0.4686671727914264
2025-01-28,0.47835701997394275
2025-01-29,0.4884278877896109
2025-01-30,0.48174157792957706
2025-01-31,0.4917430485177288
2025-02-03,0.5044809210344492
2025-02-04,0.5192783426360026
2025-02-05,0.5250068570390114
2025-02-06,0.5466553908685413
2025-02-07,0.5443382064518838
2025-02-10,0.5381801060138044
2025-02-11,0.5284471221596794
2025-02-12,0.5175045814872393
2025-02-13,0.5243748748495027
2025-02-14,0.5142357361840779
2025-02-17,0.5167238381403593
2025-02-18,0.5045276837445706
2025-02-19,0.49057975433491274
2025-02-20,0.486342960298441
2025-02-21,0.47868302681791797
2025-02-24,0.48220394376633363
2025-02-25,0.4785872448704616
2025-02-26,0.47806815661897334
2025-02-27,0.48339613818596594
2025-02-28,0.469496874576547
2025-03-05,0.4634964149110505
2025-03-06,0.4410163845962746
2025-03-07,0.43936780172415774
2025-03-10,0.43531116038136053
2025-03-11,0.4326999009880602
2025-03-12,0.43582247531415447
2025-03-13,0.4364791720871738
2025-03-14,0.43463816388395193
2025-03-17,0.43722863425378716
2025-03-18,0.43705964527022484
2025-03-19,0.43152618390255265
2025-03-20,0.42837387964091855
2025-03-21,0.4154157126756539
2025-03-24,0.4229313425875953
2025-03-25,0.41441048370080147
2025-03-26,0.41265424415924873
2025-03-27,0.40769855205917294
2025-03-28,0.4058465475063864
2025-03-31,0.4044615547247757
2025-04-01,0.4082859527336596
2025-04-02,0.4111443398518228
2025-04-03,0.41077690102644615
2025-04-04,0.40740082385281184
2025-04-07,0.404726005075744
2025-04-08,0.4070713921584484
2025-04-09,0.3954727821974336
2025-04-10,0.396455726490219
2025-04-11,0.3926287266223951
2025-04-14,0.4026610841423272
2025-04-15,0.41228732666833895
2025-04-16,0.4160098084533237
2025-04-17,0.41458218937191
2025-04-22,0.4124822488197877
2025-04-23,0.4113681912968958
2025-04-24,0.39908887271946697
2025-04-25,0.3958170717022929
2025-04-28,0.3957392663514533
2025-04-29,0.3985579451834016
2025-04-30,0.3988540264150829
2025-05-02,0.3883291479668748
2025-05-05,0.39013362046414896
2025-05-06,0.39217556507069296
2025-05-07,0.40511435765047443
2025-05-08,0.39924358000577215
2025-05-09,0.4010516362509037
2025-05-12,0.41008866327386073
2025-05-13,0.40224420987594217
2025-05-14,0.4009593292167226
2025-05-15,0.39784105406800613
2025-05-16,0.3924895738999938
2025-05-19,0.3911123774410045
2025-05-20,0.38540700683803464
2025-05-21,0.38050769065108203
2025-05-22,0.37969417809770045
2025-05-23,0.38379531161499236
2025-05-26,0.39734731266470785
2025-05-27,0.39702274440005275
2025-05-28,0.39703183185157864
2025-05-29,0.4027879169012395
2025-05-30,0.39157345710690405
2025-06-02,0.39647746527666516
2025-06-03,0.39830737057303933
2025-06-04,0.400643490799322
2025-06-05,0.4022712610660641
2025-06-06,0.407803985617952
2025-06-09,0.40666534836813767
2025-06-10,0.41377483232172263
2025-06-11,0.4121739961882285
2025-06-12,0.4188451011228928
2025-06-13,0.9050580542818155
2025-06-16,1.0046897389771285
2025-06-17,0.4192223199459166
2025-06-18,0.4209714359365258
2025-06-20,0.4237376096054373
2025-06-23,0.4395575608838611
2025-06-24,0.4280645592585344
2025-06-25,0.42843711553918523
2025-06-26,0.4260120113577455
2025-06-27,0.4293447622656012
2025-06-30,0.4311720068311159
2025-07-01,0.43564139457625445
2025-07-02,0.4341867112965498
2025-07-03,0.43876580121554953
2025-07-04,0.4496056090628364
2025-07-07,0.4540627204177635
2025-07-08,0.4549467406101881
2025-07-09,0.46403100704081396
2025-07-10,0.4630399078836992
2025-07-11,0.4606529185578065
2025-07-14,0.4748853121690237
2025-07-15,0.48157275417428363
2025-07-16,0.48308994702033964
2025-07-17,0.49236884889121735
2025-07-18,0.49224410749527603
2025-07-21,0.49573936100900123
2025-07-22,0.49071644729644104
2025-07-23,0.4908710425311592
2025-07-24,0.49193300170885895
2025-07-25,0.4912530897274149
2025-07-28,0.49468784526766557
2025-07-29,0.5014109926413148
2025-07-30,0.5005926981966025
2025-07-31,0.5045756894288442
2025-08-01,0.5107590457758182
2025-08-04,0.5173236103851001
2025-08-05,0.5236853937444351
2025-08-06,0.5266180361226438
2025-08-07,0.5331299259356231
2025-08-08,0.521804200028795
2025-08-11,0.5286951138001798
2025-08-12,0.5224456120428873
2025-08-13,0.5270733415090356
2025-08-14,0.5214779380568687
2025-08-15,0.5172527567551848
2025-08-18,0.5291861229446957
2025-08-19,0.6326109913073443
2025-08-20,0.5329419976836144
2025-08-21,0.5362161134676378
2025-08-22,0.5243270716270845
2025-08-25,0.529140283242485
2025-08-26,0.520253434087039
2025-08-27,0.5249484759576282
2025-08-28,0.5092032170165652
2025-08-29,0.5060570315997701
2025-09-01,0.5052626838104688
2025-09-02,0.4958323740346639
2025-09-03,0.49642970679016496
2025-09-04,0.49915752395063745
2025-09-05,0.49341321974892055
2025-09-08,0.4869362793621218
2025-09-09,0.48296994445867086
2025-09-10,0.4915994209073777
2025-09-11,0.49726545474326
2025-09-12,0.5013915815066851
2025-09-15,0.4992630454719999
2025-09-16,0.5011543380926636
2025-09-17,0.5004522911667509
2025-09-18,0.5014314518951445
2025-09-19,0.5024792456105717
2025-09-22,0.507051642302548
2025-09-23,0.5010697642545738
2025-09-24,0.5098329069352606
2025-09-25,0.509269697858413
2025-09-26,0.505323862624853
2025-09-29,0.5102862332751467
2025-09-30,0.5115082235806279
2025-10-01,0.5066584292954441
2025-10-02,0.5090724459220755
2025-10-03,0.5119246058670417
2025-10-06,0.5118444423836216
2025-10-07,0.5108574955541972
2025-10-08,0.5089006725639628
2025-10-09,0.5153971812549628
2025-10-10,0.5250718745974007
2025-10-13,0.5265049548018117
2025-10-14,0.5261199583360869
2025-10-15,0.5211260074997638
2025-10-16,0.52199640373427
2025-10-17,0.5146042685601013
2025-10-20,0.5287667950950261
2025-10-21,0.5242730281133556
2025-10-22,0.5221702411836683
2025-10-23,0.5227877261506237
2025-10-24,0.5208445778615469
2025-10-27,0.5227957525052015
2025-10-28,0.5256061343032149
2025-10-29,0.5272028019298179
2025-10-30,0.5357076938121625
2025-10-31,0.5382460740555585
2025-11-03,0.5405718904905621
2025-11-04,0.5400254287292199
2025-11-05,0.5370438650352043
2025-11-06,0.5351348955301483
2025-11-07,0.5312763433728958
2025-11-10,0.5263799709539195
2025-11-11,0.5124710774865477
2025-11-12,0.5051881394187894
2025-11-13,0.49320093806103527
2025-11-14,0.4851344321159287
2025-11-17,0.4738167238965485
2025-11-18,0.47120984815962513
2025-11-19,0.4681540417041916
2025-11-21,0.46603511459998276
2025-11-24,0.4729618185428745
2025-11-25,0.46428326056994385
2025-11-26,0.45663793917279955
2025-11-27,0.46070325225744824
2025-11-28,0.45355742380611075
2025-12-01,0.4587210955918016
2025-12-02,0.4533184827352856
2025-12-03,0.4461011331566041
2025-12-04,0.43724888659521177
2025-12-05,0.4192946336504272
2025-12-08,0.41711215751507164
2025-12-09,0.41400591905325673
2025-12-10,0.4139217011545196
2025-12-11,0.4105817120456035
2025-12-12,0.40816476130248874
2025-12-15,0.4102491696133504
2025-12-16,0.40999978725191083
2025-12-17,0.4105673036715604
2025-12-18,0.4165416146966627
2025-12-19,0.41481045975804265
2025-12-22,0.41869722017322947
2025-12-23,0.43577742617047205
2025-12-26,0.4441529583541761
2025-12-29,0.4505258442451985
2025-12-30,0.4478409240182251
2026-01-02,0.447457732454228
2026-01-05,0.4529741639726054
2026-01-06,0.45195250317189933
2026-01-07,0.4568121661525582
2026-01-08,0.4540786623463666
2026-01-09,0.4558805248002172
2026-01-12,0.46390885411823923
2026-01-13,0.4571437657871599
2026-01-14,0.458694311830589
2026-01-15,0.4643317005640016
2026-01-16,0.4523618205926329
2026-01-19,0.46840472412803824
2026-01-20,0.4597615157461561
2026-01-21,0.4572441062967431
2026-01-22,0.4543140978466452
2026-01-23,0.44225244393410146
2026-01-26,0.4367351113178188
2026-01-27,0.427848579774574
2026-01-28,0.4143882116849159
2026-01-29,0.3983187249702925
2026-01-30,0.39206658571110814
2026-02-02,0.3919212651596136
2026-02-03,0.3860286290254378
2026-02-04,0.38043699279584847
2026-02-05,0.3762143327211335
2026-02-06,0.3763006161363309
2026-02-09,0.3739534474940446
2026-02-10,0.36043815828135195
2026-02-11,0.3498726321511138
2026-02-12,0.34552852359278274
2026-02-13,0.337833931920854
2026-02-18,0.3365345256823257
2026-02-19,0.33678529396827966
2026-02-20,0.3265854101078755
2026-02-23,0.3322242774139481
2026-02-24,0.32253357490964774
2026-02-25,0.316132913905881
2026-02-26,0.3097661660365958
2026-02-27,0.509261057445609
2026-03-02,0.3641623671323272
2026-03-03,0.36145389018165386
2026-03-04,0.33952265437687773
2026-03-05,0.3356543282587323
2026-03-06,0.3038291891135996
2026-03-09,0.3066306293397686
2026-03-10,0.3097730027103787
2026-03-11,0.31125003344301294
2026-03-12,0.30648028723676984
2026-03-13,0.31451923295831935
2026-03-16,0.3179989488565343
2026-03-17,0.31587218245189974
2026-03-18,0.32296945004576505
2026-03-19,0.32734704073960363
2026-03-20,0.33504813981032966
2026-03-23,0.34337152837608
2026-03-24,0.32886696479787664
2026-03-25,0.3215792594939927
2026-03-26,0.32477496571113024
2026-03-27,0.327468194365618
2026-03-30,0.34055348735887325
2026-03-31,0.32718195296495234
2026-04-01,0.327651735727426
2026-04-02,0.3292886756547484
2026-04-06,0.3392731640238781
2026-04-07,0.34880310332146325
2026-04-08,0.3504389463336331
2026-04-09,0.3566830752925252
2026-04-10,0.34542453175340687
2026-04-13,0.34583912495284336
2026-04-14,0.3464443051359571
2026-04-15,0.3496670138834644
2026-04-16,0.35428217935014705
2026-04-17,0.3525820249800129
2026-04-20,0.3609753449700934
2026-04-22,0.3327176304556719
2026-04-23,0.3319469870330132
2026-04-24,0.3350150038877495
2026-04-27,0.34148906391081774
2026-04-28,0.3439357699469629
2026-04-29,0.34352025877965714
2026-04-30,0.3491830109713069
2026-05-04,0.35115879662300725
2026-05-05,0.3564649412723461
2026-05-06,0.3694820059897829
2026-05-07,0.36728609023953857
2026-05-08,0.36370142307530706
2026-05-11,0.3646506184539063
2026-05-12,0.36377942285616166
2026-05-13,0.36183259258623524
2026-05-14,0.3660340969902106
2026-05-15,0.3783872545988523
2026-05-18,0.3981082904659692
2026-05-19,0.3793011330409323
2026-05-20,0.37319752036606596
2026-05-21,0.37022038994581974
2026-05-22,0.37721941231575434
2026-05-25,0.3864747390469925
2026-05-26,0.3926356641452894
2026-05-27,0.39691796468919727
2026-05-28,0.41580314242152006
2026-05-29,0.4123732505813952
2026-06-01,0.4191985827383901
2026-06-02,0.42404379175536555
2026-06-03,0.42031822551247877
2026-06-05,0.4198114408113133
2026-06-08,0.43051270113141904
2026-06-09,0.42455445166511596
2026-06-10,0.4285533254284116
2026-06-11,0.42794944991876954
2026-06-12,0.4311184488519661
2026-06-15,0.4328915467331139
2026-06-16,0.4473678555147235
2026-06-17,0.4503085340402012
2026-06-18,0.4560507820270349
2026-06-19,0.45937043736552413
2026-06-22,0.47120027205397236
2026-06-23,0.46723361324681373
2026-06-24,0.47515806672120087
2026-06-25,0.5010493816924533
2026-06-26,0.5059946036489692
2026-06-29,0.5079790401486282
2026-06-30,0.5088794032734789
2026-07-01,0.5174309938714298
2026-07-02,0.5213529294609104
2026-07-03,0.5311633148997953
